date,state,cases,deaths
2020-02-25,GE,0,0
2020-02-25,TI,1,0
2020-02-26,GE,1,0
2020-02-27,GE,1,0
2020-02-27,JU,1,0
2020-02-27,ZH,2,0
2020-02-27,BS,1,0
2020-02-28,BE,1,0
2020-02-28,BL,1,0
2020-02-28,GE,4,0
2020-02-28,JU,1,0
2020-02-28,VS,1,0
2020-02-28,BS,1,0
2020-02-28,ZH,2,0
2020-02-28,AG,1,0
2020-02-29,BL,2,0
2020-02-29,GE,6,0
2020-02-29,JU,1,0
2020-02-29,VS,1,0
2020-02-29,ZG,0,0
2020-02-29,ZH,6,0
2020-02-29,BS,1,0
2020-03-01,BE,2,0
2020-03-01,BL,2,0
2020-03-01,FR,1,0
2020-03-01,GE,8,0
2020-03-01,JU,1,0
2020-03-01,NE,1,0
2020-03-01,VS,2,0
2020-03-01,ZG,0,0
2020-03-01,ZH,7,0
2020-03-01,BS,1,0
2020-03-02,BE,4,0
2020-03-02,BL,2,0
2020-03-02,FR,2,0
2020-03-02,GE,8,0
2020-03-02,JU,1,0
2020-03-02,NE,1,0
2020-03-02,SG,0,0
2020-03-02,TI,2,0
2020-03-02,VS,3,0
2020-03-02,ZG,0,0
2020-03-02,ZH,11,0
2020-03-02,BS,1,0
2020-03-02,AG,2,0
2020-03-03,BL,2,0
2020-03-03,GE,11,0
2020-03-03,JU,2,0
2020-03-03,NE,1,0
2020-03-03,SZ,1,0
2020-03-03,TI,4,0
2020-03-03,VS,3,0
2020-03-03,ZG,1,0
2020-03-03,ZH,14,0
2020-03-03,AG,6,0
2020-03-03,BS,3,0
2020-03-04,BE,6,0
2020-03-04,BL,2,0
2020-03-04,FL,1,0
2020-03-04,FR,4,0
2020-03-04,GE,11,0
2020-03-04,JU,2,0
2020-03-04,NE,8,0
2020-03-04,SZ,3,0
2020-03-04,TI,5,0
2020-03-04,VS,4,0
2020-03-04,SG,1,0
2020-03-04,ZG,1,0
2020-03-04,ZH,16,0
2020-03-04,AG,7,0
2020-03-04,BS,3,0
2020-03-04,LU,0,0
2020-03-05,AR,1,0
2020-03-05,BL,6,0
2020-03-05,FL,1,0
2020-03-05,FR,6,0
2020-03-05,GE,15,0
2020-03-05,JU,4,0
2020-03-05,NE,9,0
2020-03-05,TI,18,0
2020-03-05,VS,5,0
2020-03-05,ZG,2,0
2020-03-05,ZH,24,0
2020-03-05,AG,9,0
2020-03-05,BS,8,0
2020-03-06,BE,17,0
2020-03-06,BL,6,0
2020-03-06,FL,1,0
2020-03-06,GE,19,0
2020-03-06,JU,4,0
2020-03-06,NE,13,0
2020-03-06,SZ,6,0
2020-03-06,VD,23,1
2020-03-06,VS,6,0
2020-03-06,ZG,3,0
2020-03-06,SO,1,0
2020-03-06,BS,15,0
2020-03-06,ZH,30,0
2020-03-06,AG,12,0
2020-03-06,SG,2,0
2020-03-07,BL,15,0
2020-03-07,GE,30,0
2020-03-07,JU,5,0
2020-03-07,NE,18,0
2020-03-07,TI,45,0
2020-03-07,VD,30,1
2020-03-07,VS,7,0
2020-03-07,ZG,3,0
2020-03-07,BS,21,0
2020-03-07,ZH,35,0
2020-03-08,BL,19,1
2020-03-08,FR,8,0
2020-03-08,GE,38,0
2020-03-08,JU,5,0
2020-03-08,NE,24,0
2020-03-08,TI,58,0
2020-03-08,VD,40,1
2020-03-08,VS,12,0
2020-03-08,ZG,3,0
2020-03-08,BS,24,0
2020-03-08,ZH,41,0
2020-03-09,AR,2,0
2020-03-09,BE,34,0
2020-03-09,BL,20,1
2020-03-09,FL,1,0
2020-03-09,FR,11,0
2020-03-09,GE,47,0
2020-03-09,JU,7,0
2020-03-09,NE,27,0
2020-03-09,TI,68,0
2020-03-09,VD,51,1
2020-03-09,VS,17,0
2020-03-09,ZG,10,0
2020-03-09,BS,28,0
2020-03-09,ZH,50,0
2020-03-09,AG,14,0
2020-03-10,BL,22,1
2020-03-10,FL,1,0
2020-03-10,GE,73,1
2020-03-10,GL,1,0
2020-03-10,JU,7,0
2020-03-10,NE,31,0
2020-03-10,VD,129,1
2020-03-10,VS,22,0
2020-03-10,ZG,10,0
2020-03-10,BS,33,0
2020-03-10,ZH,63,0
2020-03-10,AG,17,0
2020-03-11,BL,26,2
2020-03-11,FL,3,0
2020-03-11,FR,16,0
2020-03-11,GE,84,1
2020-03-11,GL,1,0
2020-03-11,JU,7,0
2020-03-11,NE,37,0
2020-03-11,NW,4,0
2020-03-11,SH,1,0
2020-03-11,VD,202,1
2020-03-11,VS,30,0
2020-03-11,ZG,11,0
2020-03-11,BS,49,0
2020-03-11,ZH,102,0
2020-03-11,AG,18,0
2020-03-12,AR,5,0
2020-03-12,BL,26,2
2020-03-12,FL,3,0
2020-03-12,FR,22,0
2020-03-12,GE,114,2
2020-03-12,GL,3,0
2020-03-12,JU,12,0
2020-03-12,NE,46,0
2020-03-12,NW,5,0
2020-03-12,SG,15,0
2020-03-12,SH,1,0
2020-03-12,TI,180,0
2020-03-12,UR,2,0
2020-03-12,VD,276,3
2020-03-12,VS,53,0
2020-03-12,ZG,11,0
2020-03-12,BS,73,1
2020-03-12,ZH,141,0
2020-03-12,AG,27,0
2020-03-13,BL,42,2
2020-03-13,FR,29,0
2020-03-13,GE,178,2
2020-03-13,GL,6,0
2020-03-13,JU,17,0
2020-03-13,NE,59,0
2020-03-13,NW,5,0
2020-03-13,SH,1,0
2020-03-13,TI,258,0
2020-03-13,VD,368,3
2020-03-13,VS,76,1
2020-03-13,ZG,11,0
2020-03-13,OW,1,0
2020-03-13,SZ,9,0
2020-03-13,BS,92,1
2020-03-13,AG,32,0
2020-03-13,ZH,164,0
2020-03-14,AI,2,0
2020-03-14,BL,47,2
2020-03-14,FL,3,0
2020-03-14,FR,36,0
2020-03-14,GE,281,2
2020-03-14,GL,8,0
2020-03-14,JU,18,0
2020-03-14,NE,68,0
2020-03-14,NW,5,0
2020-03-14,SH,1,0
2020-03-14,TI,265,3
2020-03-14,VD,477,4
2020-03-14,VS,98,1
2020-03-14,SZ,12,0
2020-03-14,ZG,13,0
2020-03-14,BS,100,1
2020-03-14,ZH,219,0
2020-03-15,BL,54,2
2020-03-15,FL,7,0
2020-03-15,FR,40,0
2020-03-15,GE,374,4
2020-03-15,GL,10,0
2020-03-15,JU,19,0
2020-03-15,NE,74,0
2020-03-15,NW,8,0
2020-03-15,SH,1,0
2020-03-15,SZ,13,0
2020-03-15,TI,291,6
2020-03-15,VD,560,5
2020-03-15,VS,115,2
2020-03-15,ZG,13,0
2020-03-15,ZH,251,1
2020-03-16,AI,4,0
2020-03-16,BE,123,1
2020-03-16,BL,76,2
2020-03-16,FR,45,0
2020-03-16,GE,461,4
2020-03-16,GL,10,0
2020-03-16,JU,25,0
2020-03-16,NE,93,0
2020-03-16,NW,10,0
2020-03-16,SH,2,0
2020-03-16,TG,17,0
2020-03-16,TI,330,8
2020-03-16,VD,797,7
2020-03-16,VS,172,3
2020-03-16,ZG,20,0
2020-03-16,BS,143,4
2020-03-16,ZH,327,1
2020-03-16,AG,52,0
2020-03-17,AI,5,0
2020-03-17,BL,89,2
2020-03-17,FL,19,0
2020-03-17,FR,59,0
2020-03-17,GE,588,5
2020-03-17,GL,12,0
2020-03-17,GR,101,1
2020-03-17,JU,29,0
2020-03-17,NE,114,1
2020-03-17,NW,12,0
2020-03-17,SG,47,0
2020-03-17,SH,2,0
2020-03-17,TG,23,0
2020-03-17,TI,422,10
2020-03-17,VD,1039,9
2020-03-17,VS,225,3
2020-03-17,ZG,29,0
2020-03-17,BS,164,4
2020-03-17,ZH,430,1
2020-03-17,AG,67,0
2020-03-18,AR,11,0
2020-03-18,BE,193,1
2020-03-18,BL,116,2
2020-03-18,FL,28,0
2020-03-18,FR,86,0
2020-03-18,GE,786,6
2020-03-18,GL,14,0
2020-03-18,GR,128,1
2020-03-18,JU,32,0
2020-03-18,NE,146,2
2020-03-18,NW,18,0
2020-03-18,SG,61,0
2020-03-18,SH,8,0
2020-03-18,SO,43,0
2020-03-18,TG,32,0
2020-03-18,TI,511,14
2020-03-18,UR,5,0
2020-03-18,VD,1304,12
2020-03-18,VS,312,4
2020-03-18,ZG,33,0
2020-03-18,BS,181,4
2020-03-18,ZH,569,2
2020-03-18,AG,101,0
2020-03-18,LU,65,0
2020-03-19,AI,6,0
2020-03-19,BE,282,1
2020-03-19,BL,134,2
2020-03-19,FR,111,1
2020-03-19,GE,1026,7
2020-03-19,GL,16,0
2020-03-19,GR,182,2
2020-03-19,JU,36,0
2020-03-19,NE,175,3
2020-03-19,NW,25,0
2020-03-19,SG,85,0
2020-03-19,SH,12,0
2020-03-19,TG,36,0
2020-03-19,TI,638,15
2020-03-19,UR,7,0
2020-03-19,VD,1514,13
2020-03-19,VS,349,6
2020-03-19,ZG,37,0
2020-03-19,BS,220,4
2020-03-19,ZH,680,3
2020-03-19,AG,118,0
2020-03-20,BE,377,2
2020-03-20,BL,184,3
2020-03-20,FL,37,0
2020-03-20,FR,145,1
2020-03-20,GE,1151,9
2020-03-20,GL,20,0
2020-03-20,GR,226,3
2020-03-20,JU,44,0
2020-03-20,NE,189,3
2020-03-20,NW,28,0
2020-03-20,SG,98,0
2020-03-20,SH,17,0
2020-03-20,TG,49,0
2020-03-20,VD,1756,19
2020-03-20,VS,436,7
2020-03-20,TI,834,22
2020-03-20,ZG,48,0
2020-03-20,LU,92,0
2020-03-20,BS,270,4
2020-03-20,UR,7,0
2020-03-20,ZH,712,4
2020-03-20,AG,168,1
2020-03-20,SO,66,0
2020-03-21,BE,418,3
2020-03-21,BL,282,3
2020-03-21,FL,44,0
2020-03-21,FR,167,2
2020-03-21,GE,1280,9
2020-03-21,GL,25,0
2020-03-21,GR,258,4
2020-03-21,JU,54,0
2020-03-21,NE,200,4
2020-03-21,NW,33,0
2020-03-21,SH,28,0
2020-03-21,TG,56,0
2020-03-21,VD,1875,22
2020-03-21,VS,498,10
2020-03-21,TI,918,28
2020-03-21,UR,12,0
2020-03-21,ZG,53,0
2020-03-21,BS,297,5
2020-03-21,LU,109,1
2020-03-21,ZH,712,5
2020-03-22,BL,289,3
2020-03-22,FL,46,0
2020-03-22,FR,202,3
2020-03-22,GE,1423,10
2020-03-22,GL,29,0
2020-03-22,GR,284,4
2020-03-22,JU,61,0
2020-03-22,NE,216,4
2020-03-22,NW,36,0
2020-03-22,SH,30,0
2020-03-22,TG,75,0
2020-03-22,VD,1977,24
2020-03-22,VS,535,11
2020-03-22,TI,939,37
2020-03-22,ZG,53,0
2020-03-22,BS,356,5
2020-03-22,LU,131,1
2020-03-22,AG,232,1
2020-03-22,ZH,712,6
2020-03-23,BE,470,5
2020-03-23,BL,302,3
2020-03-23,FR,226,4
2020-03-23,GE,1568,16
2020-03-23,GL,31,0
2020-03-23,GR,300,5
2020-03-23,JU,69,0
2020-03-23,NE,247,5
2020-03-23,NW,39,0
2020-03-23,OW,25,0
2020-03-23,SG,228,1
2020-03-23,SH,32,0
2020-03-23,TG,81,0
2020-03-23,UR,22,0
2020-03-23,VD,2283,28
2020-03-23,VS,628,13
2020-03-23,TI,1165,48
2020-03-23,ZG,53,0
2020-03-23,AR,30,1
2020-03-23,BS,374,5
2020-03-23,LU,156,1
2020-03-23,SO,95,1
2020-03-23,ZH,1076,6
2020-03-23,AG,241,1
2020-03-23,FL,51,0
2020-03-24,BE,532,6
2020-03-24,BL,306,4
2020-03-24,FL,51,0
2020-03-24,FR,255,5
2020-03-24,GE,1668,17
2020-03-24,GL,33,0
2020-03-24,GR,343,6
2020-03-24,JU,82,0
2020-03-24,NE,265,6
2020-03-24,NW,42,0
2020-03-24,OW,25,0
2020-03-24,SH,34,0
2020-03-24,SZ,97,0
2020-03-24,TG,87,1
2020-03-24,VD,2548,32
2020-03-24,SO,104,1
2020-03-24,TI,1211,53
2020-03-24,ZG,72,0
2020-03-24,BS,410,5
2020-03-24,AR,33,2
2020-03-24,LU,205,2
2020-03-24,UR,25,0
2020-03-24,ZH,1224,8
2020-03-24,AG,266,2
2020-03-24,VS,728,14
2020-03-24,AI,8,0
2020-03-25,BE,624,6
2020-03-25,BL,341,5
2020-03-25,FL,53,0
2020-03-25,FR,293,6
2020-03-25,GE,1789,24
2020-03-25,GL,40,0
2020-03-25,GR,393,8
2020-03-25,JU,92,0
2020-03-25,NE,280,9
2020-03-25,NW,44,0
2020-03-25,OW,27,0
2020-03-25,SG,228,1
2020-03-25,SH,35,0
2020-03-25,TG,96,1
2020-03-25,VD,2740,40
2020-03-25,SO,129,1
2020-03-25,AR,34,2
2020-03-25,TI,1354,60
2020-03-25,ZG,80,0
2020-03-25,BS,462,8
2020-03-25,LU,228,2
2020-03-25,ZH,1371,10
2020-03-25,AG,319,2
2020-03-25,VS,794,15
2020-03-25,AI,9,0
2020-03-26,BE,660,7
2020-03-26,BL,422,5
2020-03-26,FL,56,0
2020-03-26,FR,309,11
2020-03-26,GE,2011,26
2020-03-26,GL,43,0
2020-03-26,GR,433,8
2020-03-26,JU,100,0
2020-03-26,NE,299,12
2020-03-26,NW,48,0
2020-03-26,OW,30,0
2020-03-26,SG,306,2
2020-03-26,SH,36,0
2020-03-26,SZ,107,0
2020-03-26,TG,110,1
2020-03-26,UR,38,0
2020-03-26,VD,2945,57
2020-03-26,SO,141,1
2020-03-26,TI,1401,67
2020-03-26,ZG,87,0
2020-03-26,BS,501,12
2020-03-26,LU,253,3
2020-03-26,ZH,1503,13
2020-03-26,AG,349,2
2020-03-26,VS,875,17
2020-03-26,AR,42,2
2020-03-26,AI,11,0
2020-03-27,BE,718,8
2020-03-27,BL,466,5
2020-03-27,FL,60,0
2020-03-27,FR,369,14
2020-03-27,GE,2196,33
2020-03-27,GL,47,0
2020-03-27,GR,474,9
2020-03-27,JU,114,0
2020-03-27,NE,316,13
2020-03-27,NW,54,0
2020-03-27,OW,37,0
2020-03-27,SH,37,0
2020-03-27,SZ,119,1
2020-03-27,TG,117,2
2020-03-27,UR,40,0
2020-03-27,VD,3179,61
2020-03-27,SO,157,1
2020-03-27,TI,1688,76
2020-03-27,ZG,94,0
2020-03-27,BS,530,13
2020-03-27,LU,287,3
2020-03-27,AR,44,2
2020-03-27,ZH,1630,15
2020-03-27,AG,364,3
2020-03-27,VS,969,21
2020-03-27,AI,12,0
2020-03-28,BE,767,9
2020-03-28,BL,502,6
2020-03-28,FL,61,0
2020-03-28,FR,421,15
2020-03-28,GE,2392,41
2020-03-28,GL,47,1
2020-03-28,GR,495,12
2020-03-28,JU,119,0
2020-03-28,NE,337,15
2020-03-28,NW,55,0
2020-03-28,SG,339,5
2020-03-28,SH,40,0
2020-03-28,SZ,122,1
2020-03-28,TG,134,2
2020-03-28,UR,48,0
2020-03-28,VD,3310,72
2020-03-28,SO,173,1
2020-03-28,AR,45,2
2020-03-28,TI,1727,87
2020-03-28,ZG,101,1
2020-03-28,BS,569,13
2020-03-28,LU,317,4
2020-03-28,ZH,1704,19
2020-03-28,VS,1018,25
2020-03-28,AI,13,0
2020-03-29,BE,798,10
2020-03-29,BL,511,6
2020-03-29,FL,62,0
2020-03-29,FR,442,15
2020-03-29,GE,2498,49
2020-03-29,GL,50,1
2020-03-29,GR,519,15
2020-03-29,JU,127,0
2020-03-29,NE,346,18
2020-03-29,NW,59,0
2020-03-29,SG,365,5
2020-03-29,SH,41,0
2020-03-29,SZ,128,2
2020-03-29,TG,138,2
2020-03-29,UR,50,0
2020-03-29,VD,3395,81
2020-03-29,SO,190,2
2020-03-29,AR,48,2
2020-03-29,TI,1837,93
2020-03-29,ZG,101,1
2020-03-29,BS,605,15
2020-03-29,LU,339,5
2020-03-29,ZH,1736,22
2020-03-29,VS,1056,31
2020-03-30,BL,539,7
2020-03-30,FL,64,0
2020-03-30,FR,477,17
2020-03-30,GE,2705,58
2020-03-30,GL,51,2
2020-03-30,GR,535,19
2020-03-30,JU,128,0
2020-03-30,NE,378,20
2020-03-30,NW,63,0
2020-03-30,OW,46,0
2020-03-30,SG,389,5
2020-03-30,SH,42,0
2020-03-30,SZ,135,2
2020-03-30,TG,148,2
2020-03-30,UR,53,0
2020-03-30,VD,3607,92
2020-03-30,BE,826,13
2020-03-30,TI,1962,105
2020-03-30,ZG,112,1
2020-03-30,BS,617,15
2020-03-30,LU,351,6
2020-03-30,AI,14,0
2020-03-30,ZH,1862,24
2020-03-30,AG,481,8
2020-03-30,VS,1145,35
2020-03-30,AR,50,2
2020-03-31,BL,561,10
2020-03-31,FL,68,0
2020-03-31,FR,491,20
2020-03-31,GE,2934,66
2020-03-31,GL,53,2
2020-03-31,GR,547,23
2020-03-31,JU,140,0
2020-03-31,NE,402,22
2020-03-31,NW,70,0
2020-03-31,OW,46,0
2020-03-31,SG,414,7
2020-03-31,SH,44,1
2020-03-31,SZ,140,4
2020-03-31,TG,154,3
2020-03-31,UR,57,0
2020-03-31,VD,3766,104
2020-03-31,SO,196,2
2020-03-31,BE,856,16
2020-03-31,TI,2091,120
2020-03-31,ZG,114,1
2020-03-31,BS,653,16
2020-03-31,LU,375,7
2020-03-31,AI,14,0
2020-03-31,ZH,1953,27
2020-03-31,AG,499,11
2020-03-31,VS,1212,37
2020-03-31,AR,58,2
2020-04-01,BL,588,11
2020-04-01,FL,72,0
2020-04-01,FR,525,23
2020-04-01,GE,3091,75
2020-04-01,GL,56,2
2020-04-01,GR,592,26
2020-04-01,JU,145,0
2020-04-01,NE,420,24
2020-04-01,NW,70,0
2020-04-01,OW,48,0
2020-04-01,SG,414,7
2020-04-01,SH,44,1
2020-04-01,SZ,146,4
2020-04-01,TG,166,4
2020-04-01,UR,59,1
2020-04-01,VD,3918,115
2020-04-01,SO,216,3
2020-04-01,BE,909,20
2020-04-01,TI,2195,132
2020-04-01,ZG,125,1
2020-04-01,BS,687,18
2020-04-01,LU,401,7
2020-04-01,ZH,2142,36
2020-04-01,AG,549,11
2020-04-01,VS,1282,40
2020-04-01,AR,61,3
2020-04-02,BL,610,12
2020-04-02,FL,75,0
2020-04-02,FR,550,26
2020-04-02,GE,3302,83
2020-04-02,GL,58,2
2020-04-02,GR,622,28
2020-04-02,JU,149,0
2020-04-02,NE,430,27
2020-04-02,NW,76,0
2020-04-02,OW,51,0
2020-04-02,SG,480,8
2020-04-02,SH,47,1
2020-04-02,SZ,155,4
2020-04-02,TG,179,4
2020-04-02,VD,4052,134
2020-04-02,SO,227,3
2020-04-02,BE,1003,23
2020-04-02,TI,2271,141
2020-04-02,ZG,131,1
2020-04-02,BS,714,19
2020-04-02,LU,422,7
2020-04-02,AR,64,3
2020-04-02,UR,60,1
2020-04-02,ZH,2306,39
2020-04-02,AG,592,12
2020-04-02,VS,1334,47
2020-04-02,AI,20,0
2020-04-03,BL,625,14
2020-04-03,FL,76,0
2020-04-03,FR,588,31
2020-04-03,GE,3488,90
2020-04-03,GL,59,2
2020-04-03,GR,649,30
2020-04-03,JU,149,0
2020-04-03,NE,444,28
2020-04-03,NW,79,0
2020-04-03,OW,56,0
2020-04-03,SG,480,8
2020-04-03,SH,47,1
2020-04-03,SZ,165,4
2020-04-03,TG,198,5
2020-04-03,VD,4188,152
2020-04-03,SO,237,3
2020-04-03,AR,65,3
2020-04-03,BE,1073,26
2020-04-03,TI,2377,155
2020-04-03,ZG,138,1
2020-04-03,BS,754,21
2020-04-03,AI,20,0
2020-04-03,LU,449,7
2020-04-03,UR,62,1
2020-04-03,ZH,2434,41
2020-04-03,AG,626,12
2020-04-03,VS,1383,51
2020-04-04,BL,656,19
2020-04-04,FL,77,1
2020-04-04,FR,638,37
2020-04-04,GE,3615,103
2020-04-04,GL,61,2
2020-04-04,GR,657,30
2020-04-04,JU,154,0
2020-04-04,NE,452,30
2020-04-04,NW,80,0
2020-04-04,SG,504,9
2020-04-04,SH,47,1
2020-04-04,SZ,168,5
2020-04-04,TG,208,5
2020-04-04,VD,4260,162
2020-04-04,SO,250,3
2020-04-04,BE,1106,28
2020-04-04,TI,2442,165
2020-04-04,ZG,146,2
2020-04-04,BS,767,24
2020-04-04,AI,21,0
2020-04-04,LU,469,7
2020-04-04,AR,66,3
2020-04-04,ZH,2467,49
2020-04-04,VS,1416,53
2020-04-04,UR,66,1
2020-04-05,BL,670,19
2020-04-05,FL,77,1
2020-04-05,FR,669,40
2020-04-05,GE,3680,110
2020-04-05,GL,63,2
2020-04-05,GR,668,33
2020-04-05,JU,160,0
2020-04-05,NE,464,30
2020-04-05,NW,80,0
2020-04-05,SG,515,9
2020-04-05,SH,49,1
2020-04-05,SZ,170,5
2020-04-05,TG,213,7
2020-04-05,VD,4299,174
2020-04-05,SO,258,3
2020-04-05,BE,1137,28
2020-04-05,TI,2508,177
2020-04-05,ZG,146,2
2020-04-05,BS,789,26
2020-04-05,LU,478,9
2020-04-05,AR,67,3
2020-04-05,ZH,2497,53
2020-04-05,VS,1431,57
2020-04-05,UR,67,2
2020-04-06,BL,682,19
2020-04-06,FR,689,41
2020-04-06,GE,3799,121
2020-04-06,GL,63,2
2020-04-06,GR,679,34
2020-04-06,JU,164,0
2020-04-06,NE,486,34
2020-04-06,NW,86,0
2020-04-06,SG,532,11
2020-04-06,SH,50,1
2020-04-06,SZ,178,6
2020-04-06,TG,219,7
2020-04-06,VD,4417,190
2020-04-06,SO,261,3
2020-04-06,AR,69,3
2020-04-06,BE,1173,31
2020-04-06,TI,2546,189
2020-04-06,ZG,152,3
2020-04-06,BS,798,26
2020-04-06,AI,21,0
2020-04-06,LU,497,9
2020-04-06,UR,67,2
2020-04-06,ZH,2611,55
2020-04-06,AG,727,13
2020-04-06,OW,60,0
2020-04-06,VS,1497,60
2020-04-07,BL,690,19
2020-04-07,FL,78,1
2020-04-07,FR,729,44
2020-04-07,GE,3959,132
2020-04-07,GL,63,2
2020-04-07,GR,684,35
2020-04-07,JU,171,0
2020-04-07,NE,510,37
2020-04-07,NW,87,0
2020-04-07,SG,557,13
2020-04-07,SZ,185,7
2020-04-07,TG,221,8
2020-04-07,VD,4493,202
2020-04-07,SO,264,3
2020-04-07,AR,69,3
2020-04-07,BE,1228,33
2020-04-07,TI,2599,198
2020-04-07,ZG,157,3
2020-04-07,BS,808,28
2020-04-07,SH,50,1
2020-04-07,AI,21,0
2020-04-07,LU,509,9
2020-04-07,UR,68,2
2020-04-07,OW,60,0
2020-04-07,ZH,2695,57
2020-04-07,AG,760,16
2020-04-07,VS,1536,68
2020-04-08,BL,694,21
2020-04-08,FR,756,45
2020-04-08,GE,4090,145
2020-04-08,GL,64,2
2020-04-08,GR,698,35
2020-04-08,JU,174,1
2020-04-08,NE,515,40
2020-04-08,NW,93,0
2020-04-08,SG,578,15
2020-04-08,SZ,196,7
2020-04-08,TG,236,8
2020-04-08,VD,4584,214
2020-04-08,SO,276,3
2020-04-08,AR,72,3
2020-04-08,BE,1286,37
2020-04-08,TI,2659,211
2020-04-08,ZG,162,3
2020-04-08,SH,50,1
2020-04-08,BS,829,31
2020-04-08,AI,23,0
2020-04-08,LU,527,9
2020-04-08,UR,72,4
2020-04-08,ZH,2790,65
2020-04-08,AG,788,16
2020-04-08,OW,61,0
2020-04-08,VS,1570,71
2020-04-09,BL,711,21
2020-04-09,FR,786,46
2020-04-09,GE,4183,154
2020-04-09,GL,67,2
2020-04-09,GR,719,36
2020-04-09,JU,179,1
2020-04-09,NE,547,42
2020-04-09,NW,96,0
2020-04-09,SG,604,16
2020-04-09,SZ,213,9
2020-04-09,TG,255,8
2020-04-09,VD,4681,228
2020-04-09,SO,282,5
2020-04-09,AR,74,3
2020-04-09,BE,1335,38
2020-04-09,TI,2714,219
2020-04-09,ZG,165,3
2020-04-09,SH,52,1
2020-04-09,BS,841,33
2020-04-09,AI,24,0
2020-04-09,LU,542,9
2020-04-09,UR,72,4
2020-04-09,ZH,2887,66
2020-04-09,AG,822,17
2020-04-09,OW,62,0
2020-04-09,VS,1598,77
2020-04-10,BL,722,22
2020-04-10,FL,79,1
2020-04-10,FR,796,49
2020-04-10,GE,4225,164
2020-04-10,GL,76,2
2020-04-10,GR,730,36
2020-04-10,JU,182,3
2020-04-10,NE,567,42
2020-04-10,NW,100,0
2020-04-10,SG,632,17
2020-04-10,SZ,215,10
2020-04-10,TG,264,8
2020-04-10,VD,4730,235
2020-04-10,SO,294,5
2020-04-10,AR,77,3
2020-04-10,BE,1375,42
2020-04-10,TI,2776,227
2020-04-10,ZG,168,3
2020-04-10,SH,53,1
2020-04-10,BS,854,33
2020-04-10,LU,560,9
2020-04-10,ZH,2927,71
2020-04-10,AG,850,18
2020-04-10,VS,1627,83
2020-04-10,UR,74,4
2020-04-11,BL,736,22
2020-04-11,FL,79,1
2020-04-11,FR,834,53
2020-04-11,GE,4274,172
2020-04-11,GL,91,2
2020-04-11,GR,743,36
2020-04-11,JU,183,3
2020-04-11,NE,576,44
2020-04-11,NW,103,1
2020-04-11,SG,641,18
2020-04-11,SZ,249,10
2020-04-11,TG,274,8
2020-04-11,VD,4770,241
2020-04-11,SO,306,6
2020-04-11,BE,1419,44
2020-04-11,TI,2818,229
2020-04-11,ZG,168,4
2020-04-11,BS,861,33
2020-04-11,SH,55,1
2020-04-11,AR,77,3
2020-04-11,AI,24,0
2020-04-11,LU,568,10
2020-04-11,ZH,2985,77
2020-04-11,VS,1653,85
2020-04-11,UR,75,4
2020-04-11,AG,878,18
2020-04-12,BL,740,23
2020-04-12,FL,80,1
2020-04-12,FR,846,54
2020-04-12,GE,4296,178
2020-04-12,GL,91,2
2020-04-12,GR,747,36
2020-04-12,JU,183,3
2020-04-12,NE,586,49
2020-04-12,NW,104,1
2020-04-12,SG,649,21
2020-04-12,SZ,251,11
2020-04-12,TG,285,8
2020-04-12,VD,4807,249
2020-04-12,SO,315,7
2020-04-12,BE,1441,49
2020-04-12,TI,2869,244
2020-04-12,ZG,168,5
2020-04-12,SH,57,1
2020-04-12,BS,877,33
2020-04-12,LU,576,10
2020-04-12,ZH,3002,79
2020-04-12,AG,899,18
2020-04-12,UR,77,4
2020-04-12,VS,1666,91
2020-04-13,BL,749,24
2020-04-13,FL,80,1
2020-04-13,FR,859,55
2020-04-13,GE,4346,181
2020-04-13,GL,92,2
2020-04-13,GR,750,37
2020-04-13,JU,184,3
2020-04-13,NE,592,51
2020-04-13,NW,104,1
2020-04-13,SG,657,21
2020-04-13,SZ,251,12
2020-04-13,TG,292,8
2020-04-13,VD,4851,255
2020-04-13,SO,321,7
2020-04-13,AR,78,3
2020-04-13,BE,1456,49
2020-04-13,TI,2900,251
2020-04-13,ZG,170,5
2020-04-13,SH,57,1
2020-04-13,BS,888,34
2020-04-13,AI,24,0
2020-04-13,LU,580,10
2020-04-13,UR,78,4
2020-04-13,ZH,3019,83
2020-04-13,AG,906,19
2020-04-13,VS,1680,93
2020-04-14,BL,755,25
2020-04-14,FR,879,57
2020-04-14,GE,4399,186
2020-04-14,GL,105,2
2020-04-14,GR,753,37
2020-04-14,JU,185,3
2020-04-14,NE,603,54
2020-04-14,NW,105,1
2020-04-14,SG,664,21
2020-04-14,SZ,258,13
2020-04-14,TG,296,10
2020-04-14,VD,4918,265
2020-04-14,SO,325,8
2020-04-14,AR,79,3
2020-04-14,BE,1470,49
2020-04-14,TI,2912,258
2020-04-14,ZG,171,5
2020-04-14,SH,57,1
2020-04-14,BS,894,34
2020-04-14,AI,24,0
2020-04-14,LU,589,11
2020-04-14,UR,78,4
2020-04-14,ZH,3066,87
2020-04-14,AG,912,19
2020-04-14,VS,1707,94
2020-04-14,OW,64,0
2020-04-15,BL,768,25
2020-04-15,FL,80,1
2020-04-15,FR,890,63
2020-04-15,GE,4463,190
2020-04-15,GL,105,2
2020-04-15,GR,759,38
2020-04-15,JU,188,3
2020-04-15,NE,616,55
2020-04-15,NW,106,2
2020-04-15,SG,676,23
2020-04-15,SZ,261,13
2020-04-15,TG,302,11
2020-04-15,VD,4967,282
2020-04-15,SO,329,8
2020-04-15,AR,79,3
2020-04-15,BE,1489,53
2020-04-15,TI,2927,263
2020-04-15,ZG,171,5
2020-04-15,SH,59,1
2020-04-15,BS,904,36
2020-04-15,AI,24,0
2020-04-15,LU,596,12
2020-04-15,ZH,3113,91
2020-04-15,AG,929,22
2020-04-15,VS,1723,94
2020-04-15,OW,64,0
2020-04-15,UR,78,4
2020-04-16,BL,781,25
2020-04-16,FL,80,1
2020-04-16,FR,907,65
2020-04-16,GE,4528,196
2020-04-16,GL,106,3
2020-04-16,GR,764,39
2020-04-16,JU,189,3
2020-04-16,NE,625,56
2020-04-16,NW,106,2
2020-04-16,SG,680,25
2020-04-16,SZ,265,14
2020-04-16,TG,308,11
2020-04-16,VD,4996,292
2020-04-16,SO,343,8
2020-04-16,AR,79,3
2020-04-16,BE,1515,55
2020-04-16,TI,2953,269
2020-04-16,ZG,171,6
2020-04-16,BS,912,37
2020-04-16,SH,60,1
2020-04-16,AI,24,0
2020-04-16,LU,599,13
2020-04-16,ZH,3148,95
2020-04-16,AG,943,23
2020-04-16,UR,78,5
2020-04-16,VS,1740,95
2020-04-16,OW,65,0
2020-04-17,BL,794,25
2020-04-17,FL,81,1
2020-04-17,FR,930,67
2020-04-17,GE,4588,202
2020-04-17,GR,770,40
2020-04-17,JU,191,3
2020-04-17,NE,636,59
2020-04-17,NW,107,3
2020-04-17,SG,683,27
2020-04-17,SZ,266,14
2020-04-17,TG,321,12
2020-04-17,VD,5028,296
2020-04-17,SO,350,9
2020-04-17,BE,1553,67
2020-04-17,TI,2977,270
2020-04-17,ZG,172,6
2020-04-17,BS,918,37
2020-04-17,SH,60,1
2020-04-17,AI,24,0
2020-04-17,LU,607,14
2020-04-17,AR,82,3
2020-04-17,GL,108,3
2020-04-17,UR,78,5
2020-04-17,ZH,3171,99
2020-04-17,AG,960,24
2020-04-17,VS,1758,99
2020-04-17,OW,66,0
2020-04-18,BL,798,25
2020-04-18,FL,81,1
2020-04-18,FR,956,69
2020-04-18,GE,4637,206
2020-04-18,GR,773,40
2020-04-18,JU,192,3
2020-04-18,NE,639,59
2020-04-18,NW,108,3
2020-04-18,SG,699,27
2020-04-18,SZ,266,14
2020-04-18,TG,332,13
2020-04-18,VD,5050,302
2020-04-18,SO,353,10
2020-04-18,BE,1586,69
2020-04-18,TI,2994,277
2020-04-18,ZG,174,7
2020-04-18,SH,61,1
2020-04-18,BS,924,40
2020-04-18,LU,623,15
2020-04-18,GL,111,3
2020-04-18,ZH,3211,105
2020-04-18,AG,987,25
2020-04-18,UR,78,5
2020-04-18,VS,1767,104
2020-04-19,BL,803,25
2020-04-19,FL,81,1
2020-04-19,FR,980,71
2020-04-19,GE,4648,208
2020-04-19,GR,778,41
2020-04-19,JU,192,5
2020-04-19,NE,640,60
2020-04-19,NW,108,3
2020-04-19,SG,705,27
2020-04-19,SZ,268,15
2020-04-19,TG,333,13
2020-04-19,VD,5061,307
2020-04-19,SO,355,11
2020-04-19,BE,1599,69
2020-04-19,TI,3032,281
2020-04-19,ZG,175,7
2020-04-19,SH,62,1
2020-04-19,BS,927,40
2020-04-19,AI,24,0
2020-04-19,LU,626,15
2020-04-19,GL,111,3
2020-04-19,UR,78,5
2020-04-19,ZH,3238,105
2020-04-19,AG,1003,25
2020-04-19,VS,1774,107
2020-04-20,BL,806,25
2020-04-20,FL,81,1
2020-04-20,FR,989,72
2020-04-20,GE,4675,210
2020-04-20,GR,785,42
2020-04-20,JU,195,6
2020-04-20,NE,651,62
2020-04-20,NW,108,3
2020-04-20,SG,711,27
2020-04-20,SZ,272,15
2020-04-20,TG,335,13
2020-04-20,VD,5093,316
2020-04-20,SO,355,11
2020-04-20,BE,1613,73
2020-04-20,TI,3058,288
2020-04-20,ZG,175,7
2020-04-20,BS,928,42
2020-04-20,SH,63,1
2020-04-20,AI,24,0
2020-04-20,LU,633,15
2020-04-20,AR,86,3
2020-04-20,GL,114,5
2020-04-20,UR,78,5
2020-04-20,ZH,3254,107
2020-04-20,AG,1012,28
2020-04-20,OW,67,0
2020-04-20,VS,1790,110
2020-04-21,BL,809,26
2020-04-21,FL,81,1
2020-04-21,FR,995,74
2020-04-21,GE,4701,214
2020-04-21,GR,787,43
2020-04-21,JU,195,6
2020-04-21,NE,656,63
2020-04-21,NW,108,3
2020-04-21,SG,718,29
2020-04-21,TG,339,13
2020-04-21,VD,5125,322
2020-04-21,SO,359,11
2020-04-21,BE,1622,77
2020-04-21,TI,3065,291
2020-04-21,ZG,176,8
2020-04-21,BS,928,44
2020-04-21,SH,63,2
2020-04-21,SZ,276,16
2020-04-21,AI,24,0
2020-04-21,OW,67,0
2020-04-21,LU,643,15
2020-04-21,AR,86,3
2020-04-21,GL,115,6
2020-04-21,ZH,3280,109
2020-04-21,AG,1017,29
2020-04-21,VS,1796,114
2020-04-21,UR,78,5
2020-04-22,BL,811,26
2020-04-22,FL,81,1
2020-04-22,FR,1006,76
2020-04-22,GE,4722,219
2020-04-22,GR,791,43
2020-04-22,JU,196,6
2020-04-22,NE,662,64
2020-04-22,NW,108,3
2020-04-22,SG,724,29
2020-04-22,TG,340,14
2020-04-22,VD,5141,325
2020-04-22,SO,368,11
2020-04-22,BE,1643,77
2020-04-22,TI,3089,295
2020-04-22,ZG,176,8
2020-04-22,SH,63,3
2020-04-22,BS,928,45
2020-04-22,SZ,282,16
2020-04-22,AI,24,0
2020-04-22,LU,648,15
2020-04-22,GL,117,6
2020-04-22,ZH,3320,110
2020-04-22,AG,1026,31
2020-04-22,UR,78,5
2020-04-22,VS,1801,117
2020-04-22,OW,67,0
2020-04-22,AR,87,3
2020-04-23,BL,811,26
2020-04-23,FL,81,1
2020-04-23,FR,1014,76
2020-04-23,GE,4733,222
2020-04-23,GR,794,43
2020-04-23,JU,196,6
2020-04-23,NE,669,0
2020-04-23,NW,108,3
2020-04-23,SG,736,31
2020-04-23,TG,353,14
2020-04-23,VD,5143,331
2020-04-23,SO,375,12
2020-04-23,BE,1670,79
2020-04-23,TI,3106,298
2020-04-23,ZG,178,8
2020-04-23,BS,931,45
2020-04-23,SH,65,3
2020-04-23,SZ,282,16
2020-04-23,AI,25,0
2020-04-23,LU,654,15
2020-04-23,OW,68,0
2020-04-23,GL,117,6
2020-04-23,AR,88,3
2020-04-23,ZH,3337,113
2020-04-23,AG,1037,31
2020-04-23,UR,78,5
2020-04-23,VS,1801,120
2020-04-24,BL,813,30
2020-04-24,FL,82,1
2020-04-24,FR,1021,76
2020-04-24,GE,4741,236
2020-04-24,GR,799,43
2020-04-24,JU,196,6
2020-04-24,NE,673,0
2020-04-24,NW,108,3
2020-04-24,SG,745,31
2020-04-24,TG,358,14
2020-04-24,VD,5201,349
2020-04-24,VS,1829,127
2020-04-24,SO,376,14
2020-04-24,BE,1694,82
2020-04-24,TI,3121,299
2020-04-24,ZG,180,8
2020-04-24,BS,936,46
2020-04-24,AR,88,3
2020-04-24,SH,70,3
2020-04-24,SZ,284,16
2020-04-24,AI,25,0
2020-04-24,LU,660,16
2020-04-24,GL,117,7
2020-04-24,UR,78,5
2020-04-24,ZH,3366,114
2020-04-24,AG,1052,31
2020-04-24,OW,71,0
2020-04-25,BL,816,30
2020-04-25,FL,82,1
2020-04-25,FR,1029,76
2020-04-25,GE,4754,237
2020-04-25,GR,800,43
2020-04-25,JU,196,6
2020-04-25,NE,674,0
2020-04-25,NW,108,3
2020-04-25,SG,753,31
2020-04-25,TG,359,14
2020-04-25,VD,5212,354
2020-04-25,VS,1834,129
2020-04-25,SO,379,14
2020-04-25,SZ,287,17
2020-04-25,BE,1708,83
2020-04-25,TI,3142,304
2020-04-25,ZG,181,8
2020-04-25,BS,938,46
2020-04-25,SH,71,5
2020-04-25,AI,25,0
2020-04-25,LU,667,16
2020-04-25,UR,78,5
2020-04-25,GL,120,7
2020-04-25,ZH,3397,115
2020-04-25,AG,1064,32
2020-04-26,BL,816,30
2020-04-26,FL,82,1
2020-04-26,FR,1033,77
2020-04-26,GE,4760,239
2020-04-26,GR,802,43
2020-04-26,JU,196,6
2020-04-26,NW,110,3
2020-04-26,SG,761,31
2020-04-26,TG,360,16
2020-04-26,VD,5212,355
2020-04-26,VS,1836,131
2020-04-26,SO,380,15
2020-04-26,SZ,293,18
2020-04-26,BE,1714,83
2020-04-26,TI,3161,306
2020-04-26,BS,940,46
2020-04-26,SH,72,5
2020-04-26,LU,670,16
2020-04-26,UR,80,5
2020-04-26,GL,120,7
2020-04-26,ZH,3400,115
2020-04-27,AG,1076,33
2020-04-27,BL,816,30
2020-04-27,FL,82,0
2020-04-27,FR,1040,78
2020-04-27,JU,196,7
2020-04-27,SG,767,31
2020-04-27,TG,360,17
2020-04-27,SO,382,15
2020-04-27,BE,1722,83
2020-04-27,TI,3169,311
2020-04-27,SH,73,5
2020-04-27,SZ,293,18
2020-04-27,AR,94,3
2020-04-27,BS,941,46
2020-04-27,AI,25,0
2020-04-27,LU,674,16
2020-04-27,GL,121,7
2020-04-27,UR,83,5
2020-04-27,ZH,3418,115
2020-04-27,AG,1088,33
2020-04-27,VS,1836,132
2020-04-27,OW,75,0
2020-04-27,NW,110,3
