KJ,Kalenderwoche,Endend,Alter,Anzahl_Todesfalle,Erwartung,untGrenze,obeGrenze,Exzess
2010,1,2010-01-10,0-64,193,195,159,231,
2010,2,2010-01-17,0-64,198,195,159,231,
2010,3,2010-01-24,0-64,191,194,158,230,
2010,4,2010-01-31,0-64,207,194,158,229,
2010,5,2010-02-07,0-64,175,193,157,229,
2010,6,2010-02-14,0-64,179,192,157,228,
2010,7,2010-02-21,0-64,218,192,156,227,
2010,8,2010-02-28,0-64,184,191,155,227,
2010,9,2010-03-07,0-64,179,190,155,226,
2010,10,2010-03-14,0-64,221,190,154,225,
2010,11,2010-03-21,0-64,196,189,154,225,
2010,12,2010-03-28,0-64,200,189,153,224,
2010,13,2010-04-04,0-64,162,188,153,223,
2010,14,2010-04-11,0-64,180,187,152,223,
2010,15,2010-04-18,0-64,158,187,152,222,
2010,16,2010-04-25,0-64,226,186,151,221,226
2010,17,2010-05-02,0-64,176,185,150,221,
2010,18,2010-05-09,0-64,161,185,150,220,
2010,19,2010-05-16,0-64,190,184,149,219,
2010,20,2010-05-23,0-64,193,183,149,218,
2010,21,2010-05-30,0-64,191,183,148,218,
2010,22,2010-06-06,0-64,202,182,148,217,
2010,23,2010-06-13,0-64,189,182,147,217,
2010,24,2010-06-20,0-64,192,182,147,217,
2010,25,2010-06-27,0-64,168,182,147,216,
2010,26,2010-07-04,0-64,189,181,147,216,
2010,27,2010-07-11,0-64,187,181,146,216,
2010,28,2010-07-18,0-64,184,181,146,216,
2010,29,2010-07-25,0-64,170,181,146,216,
2010,30,2010-08-01,0-64,177,181,146,216,
2010,31,2010-08-08,0-64,187,181,146,216,
2010,32,2010-08-15,0-64,172,181,147,216,
2010,33,2010-08-22,0-64,171,181,147,216,
2010,34,2010-08-29,0-64,169,182,147,216,
2010,35,2010-09-05,0-64,176,182,147,216,
2010,36,2010-09-12,0-64,197,182,147,217,
2010,37,2010-09-19,0-64,176,182,147,217,
2010,38,2010-09-26,0-64,186,182,147,217,
2010,39,2010-10-03,0-64,185,182,148,217,
2010,40,2010-10-10,0-64,192,183,148,217,
2010,41,2010-10-17,0-64,189,183,148,218,
2010,42,2010-10-24,0-64,183,183,148,218,
2010,43,2010-10-31,0-64,181,183,148,218,
2010,44,2010-11-07,0-64,178,183,148,218,
2010,45,2010-11-14,0-64,169,183,148,218,
2010,46,2010-11-21,0-64,182,183,148,218,
2010,47,2010-11-28,0-64,180,183,148,218,
2010,48,2010-12-05,0-64,185,183,149,218,
2010,49,2010-12-12,0-64,188,184,149,218,
2010,50,2010-12-19,0-64,191,184,149,219,
2010,51,2010-12-26,0-64,209,184,149,219,
2010,52,2011-01-02,0-64,197,184,149,219,
2010,1,2010-01-10,65,1100,1156,1068,1243,
2010,2,2010-01-17,65,1071,1149,1061,1236,
2010,3,2010-01-24,65,1005,1141,1054,1228,
2010,4,2010-01-31,65,1039,1133,1047,1220,
2010,5,2010-02-07,65,1110,1125,1039,1211,
2010,6,2010-02-14,65,1057,1117,1031,1203,
2010,7,2010-02-21,65,1203,1109,1023,1194,1203
2010,8,2010-02-28,65,1131,1095,1010,1180,
2010,9,2010-03-07,65,1119,1082,997,1166,
2010,10,2010-03-14,65,1131,1065,981,1149,
2010,11,2010-03-21,65,1114,1049,965,1132,
2010,12,2010-03-28,65,1048,1033,950,1115,
2010,13,2010-04-04,65,1049,1017,934,1099,
2010,14,2010-04-11,65,970,1002,920,1083,
2010,15,2010-04-18,65,987,988,907,1069,
2010,16,2010-04-25,65,971,975,895,1056,
2010,17,2010-05-02,65,964,965,885,1045,
2010,18,2010-05-09,65,976,954,875,1034,
2010,19,2010-05-16,65,974,947,868,1026,
2010,20,2010-05-23,65,985,939,860,1018,
2010,21,2010-05-30,65,961,934,855,1013,
2010,22,2010-06-06,65,898,930,851,1008,
2010,23,2010-06-13,65,946,926,847,1004,
2010,24,2010-06-20,65,887,922,844,1000,
2010,25,2010-06-27,65,907,919,841,997,
2010,26,2010-07-04,65,956,915,837,993,
2010,27,2010-07-11,65,918,912,835,990,
2010,28,2010-07-18,65,936,910,832,988,
2010,29,2010-07-25,65,870,907,830,985,
2010,30,2010-08-01,65,922,905,827,982,
2010,31,2010-08-08,65,914,902,825,980,
2010,32,2010-08-15,65,911,903,826,981,
2010,33,2010-08-22,65,882,904,827,982,
2010,34,2010-08-29,65,938,909,831,987,
2010,35,2010-09-05,65,938,915,837,993,
2010,36,2010-09-12,65,993,920,842,999,
2010,37,2010-09-19,65,945,927,849,1005,
2010,38,2010-09-26,65,996,934,856,1013,
2010,39,2010-10-03,65,1035,942,863,1021,1035
2010,40,2010-10-10,65,1018,950,871,1029,
2010,41,2010-10-17,65,1060,959,879,1038,1060
2010,42,2010-10-24,65,976,967,887,1048,
2010,43,2010-10-31,65,1036,978,897,1058,
2010,44,2010-11-07,65,1059,988,907,1069,
2010,45,2010-11-14,65,1054,999,918,1081,
2010,46,2010-11-21,65,993,1011,929,1093,
2010,47,2010-11-28,65,1017,1025,943,1108,
2010,48,2010-12-05,65,1030,1041,958,1124,
2010,49,2010-12-12,65,1085,1057,974,1141,
2010,50,2010-12-19,65,1092,1073,989,1158,
2010,51,2010-12-26,65,1060,1089,1004,1174,
2010,52,2011-01-02,65,1122,1105,1019,1190,
2011,1,2011-01-09,0-64,199,193,157,229,
2011,2,2011-01-16,0-64,172,193,157,228,
2011,3,2011-01-23,0-64,213,192,156,228,
2011,4,2011-01-30,0-64,188,191,156,227,
2011,5,2011-02-06,0-64,219,191,155,226,
2011,6,2011-02-13,0-64,188,190,155,226,
2011,7,2011-02-20,0-64,167,190,154,225,
2011,8,2011-02-27,0-64,199,189,154,225,
2011,9,2011-03-06,0-64,196,189,153,224,
2011,10,2011-03-13,0-64,174,188,153,223,
2011,11,2011-03-20,0-64,180,187,152,223,
2011,12,2011-03-27,0-64,165,187,152,222,
2011,13,2011-04-03,0-64,192,186,151,221,
2011,14,2011-04-10,0-64,170,186,151,221,
2011,15,2011-04-17,0-64,173,185,150,220,
2011,16,2011-04-24,0-64,164,184,149,219,
2011,17,2011-05-01,0-64,166,184,149,219,
2011,18,2011-05-08,0-64,180,183,148,218,
2011,19,2011-05-15,0-64,182,182,148,217,
2011,20,2011-05-22,0-64,187,181,147,216,
2011,21,2011-05-29,0-64,175,181,146,215,
2011,22,2011-06-05,0-64,178,180,146,215,
2011,23,2011-06-12,0-64,160,180,145,214,
2011,24,2011-06-19,0-64,170,179,145,214,
2011,25,2011-06-26,0-64,170,179,145,213,
2011,26,2011-07-03,0-64,186,179,144,213,
2011,27,2011-07-10,0-64,172,178,144,213,
2011,28,2011-07-17,0-64,172,178,144,213,
2011,29,2011-07-24,0-64,179,178,144,212,
2011,30,2011-07-31,0-64,157,178,144,212,
2011,31,2011-08-07,0-64,154,178,144,212,
2011,32,2011-08-14,0-64,191,178,144,212,
2011,33,2011-08-21,0-64,182,178,144,212,
2011,34,2011-08-28,0-64,181,178,144,212,
2011,35,2011-09-04,0-64,192,178,144,213,
2011,36,2011-09-11,0-64,181,179,144,213,
2011,37,2011-09-18,0-64,161,179,144,213,
2011,38,2011-09-25,0-64,182,179,145,214,
2011,39,2011-10-02,0-64,179,179,145,214,
2011,40,2011-10-09,0-64,171,180,145,214,
2011,41,2011-10-16,0-64,191,180,145,214,
2011,42,2011-10-23,0-64,177,180,146,215,
2011,43,2011-10-30,0-64,194,180,146,215,
2011,44,2011-11-06,0-64,156,181,146,215,
2011,45,2011-11-13,0-64,177,181,146,215,
2011,46,2011-11-20,0-64,195,181,146,216,
2011,47,2011-11-27,0-64,175,181,147,216,
2011,48,2011-12-04,0-64,168,182,147,216,
2011,49,2011-12-11,0-64,184,182,147,216,
2011,50,2011-12-18,0-64,191,182,147,217,
2011,51,2011-12-25,0-64,197,182,147,217,
2011,52,2012-01-01,0-64,171,182,148,217,
2011,1,2011-01-09,65,1155,1153,1066,1241,
2011,2,2011-01-16,65,1118,1150,1062,1237,
2011,3,2011-01-23,65,1033,1146,1059,1233,
2011,4,2011-01-30,65,1106,1142,1055,1229,
2011,5,2011-02-06,65,1049,1138,1051,1225,
2011,6,2011-02-13,65,1059,1134,1048,1221,
2011,7,2011-02-20,65,1094,1130,1043,1217,
2011,8,2011-02-27,65,1074,1119,1033,1205,
2011,9,2011-03-06,65,1050,1108,1022,1193,
2011,10,2011-03-13,65,1109,1092,1007,1177,
2011,11,2011-03-20,65,1065,1076,991,1160,
2011,12,2011-03-27,65,1017,1057,973,1140,
2011,13,2011-04-03,65,1084,1038,955,1121,
2011,14,2011-04-10,65,1049,1021,939,1104,
2011,15,2011-04-17,65,895,1008,926,1090,
2011,16,2011-04-24,65,1027,995,914,1076,
2011,17,2011-05-01,65,992,985,904,1065,
2011,18,2011-05-08,65,1011,974,894,1055,
2011,19,2011-05-15,65,923,965,885,1045,
2011,20,2011-05-22,65,920,956,877,1036,
2011,21,2011-05-29,65,901,949,870,1029,
2011,22,2011-06-05,65,927,946,867,1025,
2011,23,2011-06-12,65,906,943,864,1022,
2011,24,2011-06-19,65,928,941,862,1020,
2011,25,2011-06-26,65,926,938,859,1016,
2011,26,2011-07-03,65,955,934,855,1013,
2011,27,2011-07-10,65,929,931,853,1010,
2011,28,2011-07-17,65,938,928,849,1006,
2011,29,2011-07-24,65,908,924,846,1002,
2011,30,2011-07-31,65,989,921,842,999,
2011,31,2011-08-07,65,955,917,839,995,
2011,32,2011-08-14,65,892,919,841,997,
2011,33,2011-08-21,65,968,921,843,999,
2011,34,2011-08-28,65,1024,925,847,1003,1024
2011,35,2011-09-04,65,933,931,852,1009,
2011,36,2011-09-11,65,930,936,857,1015,
2011,37,2011-09-18,65,924,943,864,1022,
2011,38,2011-09-25,65,931,951,871,1030,
2011,39,2011-10-02,65,953,958,879,1038,
2011,40,2011-10-09,65,970,966,886,1046,
2011,41,2011-10-16,65,1005,974,893,1054,
2011,42,2011-10-23,65,939,981,900,1062,
2011,43,2011-10-30,65,1060,991,910,1072,
2011,44,2011-11-06,65,1030,1001,919,1082,
2011,45,2011-11-13,65,991,1013,931,1095,
2011,46,2011-11-20,65,1004,1024,942,1107,
2011,47,2011-11-27,65,1048,1039,956,1122,
2011,48,2011-12-04,65,1087,1057,973,1141,
2011,49,2011-12-11,65,1057,1075,990,1159,
2011,50,2011-12-18,65,1090,1092,1007,1177,
2011,51,2011-12-25,65,1084,1109,1023,1195,
2011,52,2012-01-01,65,1065,1126,1040,1213,
2012,1,2012-01-08,0-64,175,188,152,223,
2012,2,2012-01-15,0-64,198,187,152,222,
2012,3,2012-01-22,0-64,163,186,151,222,
2012,4,2012-01-29,0-64,189,186,151,221,
2012,5,2012-02-05,0-64,199,185,150,220,
2012,6,2012-02-12,0-64,218,185,150,220,
2012,7,2012-02-19,0-64,206,184,149,219,
2012,8,2012-02-26,0-64,181,184,149,218,
2012,9,2012-03-04,0-64,198,183,148,218,
2012,10,2012-03-11,0-64,181,182,148,217,
2012,11,2012-03-18,0-64,210,182,147,217,
2012,12,2012-03-25,0-64,180,181,147,216,
2012,13,2012-04-01,0-64,187,181,146,215,
2012,14,2012-04-08,0-64,202,180,146,215,
2012,15,2012-04-15,0-64,182,179,145,214,
2012,16,2012-04-22,0-64,189,179,144,213,
2012,17,2012-04-29,0-64,207,178,144,213,
2012,18,2012-05-06,0-64,167,178,143,212,
2012,19,2012-05-13,0-64,195,177,143,211,
2012,20,2012-05-20,0-64,161,176,142,211,
2012,21,2012-05-27,0-64,175,176,142,210,
2012,22,2012-06-03,0-64,177,175,141,209,
2012,23,2012-06-10,0-64,162,175,141,209,
2012,24,2012-06-17,0-64,183,175,141,209,
2012,25,2012-06-24,0-64,185,174,140,208,
2012,26,2012-07-01,0-64,190,174,140,208,
2012,27,2012-07-08,0-64,194,174,140,208,
2012,28,2012-07-15,0-64,178,174,140,207,
2012,29,2012-07-22,0-64,140,173,140,207,
2012,30,2012-07-29,0-64,185,173,139,207,
2012,31,2012-08-05,0-64,177,173,139,207,
2012,32,2012-08-12,0-64,166,173,139,207,
2012,33,2012-08-19,0-64,169,173,140,207,
2012,34,2012-08-26,0-64,201,173,140,207,
2012,35,2012-09-02,0-64,167,174,140,208,
2012,36,2012-09-09,0-64,172,174,140,208,
2012,37,2012-09-16,0-64,189,174,140,208,
2012,38,2012-09-23,0-64,180,174,140,208,
2012,39,2012-09-30,0-64,176,175,141,209,
2012,40,2012-10-07,0-64,180,175,141,209,
2012,41,2012-10-14,0-64,162,175,141,209,
2012,42,2012-10-21,0-64,149,175,141,209,
2012,43,2012-10-28,0-64,181,176,141,210,
2012,44,2012-11-04,0-64,187,176,142,210,
2012,45,2012-11-11,0-64,190,176,142,210,
2012,46,2012-11-18,0-64,183,177,142,211,
2012,47,2012-11-25,0-64,192,177,143,211,
2012,48,2012-12-02,0-64,143,177,143,211,
2012,49,2012-12-09,0-64,168,177,143,212,
2012,50,2012-12-16,0-64,163,178,143,212,
2012,51,2012-12-23,0-64,178,178,144,212,
2012,52,2012-12-30,0-64,202,178,144,213,
2012,1,2012-01-08,65,1174,1156,1068,1244,
2012,2,2012-01-15,65,1153,1153,1065,1240,
2012,3,2012-01-22,65,1181,1149,1062,1236,
2012,4,2012-01-29,65,1148,1146,1059,1233,
2012,5,2012-02-05,65,1137,1142,1055,1229,
2012,6,2012-02-12,65,1197,1138,1052,1225,
2012,7,2012-02-19,65,1218,1135,1048,1222,
2012,8,2012-02-26,65,1216,1125,1038,1211,1216
2012,9,2012-03-04,65,1209,1115,1029,1201,1209
2012,10,2012-03-11,65,1146,1099,1013,1184,
2012,11,2012-03-18,65,1182,1082,998,1167,1182
2012,12,2012-03-25,65,1048,1062,978,1146,
2012,13,2012-04-01,65,1121,1042,959,1126,
2012,14,2012-04-08,65,1082,1025,943,1108,
2012,15,2012-04-15,65,1092,1010,929,1092,
2012,16,2012-04-22,65,1018,996,914,1077,
2012,17,2012-04-29,65,1088,985,904,1066,1088
2012,18,2012-05-06,65,987,974,894,1054,
2012,19,2012-05-13,65,979,966,886,1046,
2012,20,2012-05-20,65,941,957,878,1037,
2012,21,2012-05-27,65,921,950,871,1030,
2012,22,2012-06-03,65,951,947,868,1026,
2012,23,2012-06-10,65,873,944,865,1023,
2012,24,2012-06-17,65,985,941,862,1020,
2012,25,2012-06-24,65,956,937,858,1016,
2012,26,2012-07-01,65,945,933,854,1012,
2012,27,2012-07-08,65,903,929,850,1007,
2012,28,2012-07-15,65,925,925,847,1003,
2012,29,2012-07-22,65,933,921,843,1000,
2012,30,2012-07-29,65,957,920,842,998,
2012,31,2012-08-05,65,945,918,840,996,
2012,32,2012-08-12,65,858,921,843,999,
2012,33,2012-08-19,65,949,924,845,1002,
2012,34,2012-08-26,65,979,928,850,1007,
2012,35,2012-09-02,65,914,934,855,1012,
2012,36,2012-09-09,65,955,939,860,1018,
2012,37,2012-09-16,65,970,944,865,1023,
2012,38,2012-09-23,65,993,950,871,1030,
2012,39,2012-09-30,65,979,957,877,1036,
2012,40,2012-10-07,65,1057,965,885,1045,1057
2012,41,2012-10-14,65,1018,972,892,1053,
2012,42,2012-10-21,65,993,980,900,1061,
2012,43,2012-10-28,65,1064,991,910,1072,
2012,44,2012-11-04,65,986,1002,920,1083,
2012,45,2012-11-11,65,994,1015,933,1097,
2012,46,2012-11-18,65,1024,1028,945,1111,
2012,47,2012-11-25,65,1073,1043,960,1126,
2012,48,2012-12-02,65,1067,1059,975,1143,
2012,49,2012-12-09,65,1095,1075,991,1160,
2012,50,2012-12-16,65,1103,1091,1006,1176,
2012,51,2012-12-23,65,1094,1107,1021,1193,
2012,52,2012-12-30,65,1140,1123,1036,1209,
2013,1,2013-01-06,0-64,194,185,150,220,
2013,2,2013-01-13,0-64,174,185,150,220,
2013,3,2013-01-20,0-64,204,184,149,219,
2013,4,2013-01-27,0-64,192,184,149,218,
2013,5,2013-02-03,0-64,207,183,148,218,
2013,6,2013-02-10,0-64,195,182,148,217,
2013,7,2013-02-17,0-64,232,182,147,217,232
2013,8,2013-02-24,0-64,193,181,147,216,
2013,9,2013-03-03,0-64,206,181,146,215,
2013,10,2013-03-10,0-64,151,180,146,215,
2013,11,2013-03-17,0-64,192,180,145,214,
2013,12,2013-03-24,0-64,203,179,145,213,
2013,13,2013-03-31,0-64,182,178,144,213,
2013,14,2013-04-07,0-64,185,178,144,212,
2013,15,2013-04-14,0-64,161,177,143,212,
2013,16,2013-04-21,0-64,170,177,142,211,
2013,17,2013-04-28,0-64,191,176,142,210,
2013,18,2013-05-05,0-64,184,175,141,209,
2013,19,2013-05-12,0-64,170,175,141,209,
2013,20,2013-05-19,0-64,173,174,140,208,
2013,21,2013-05-26,0-64,164,173,139,207,
2013,22,2013-06-02,0-64,184,173,139,207,
2013,23,2013-06-09,0-64,153,173,139,207,
2013,24,2013-06-16,0-64,182,172,139,206,
2013,25,2013-06-23,0-64,169,172,138,206,
2013,26,2013-06-30,0-64,191,172,138,205,
2013,27,2013-07-07,0-64,174,171,138,205,
2013,28,2013-07-14,0-64,175,171,138,205,
2013,29,2013-07-21,0-64,161,171,138,205,
2013,30,2013-07-28,0-64,176,171,138,205,
2013,31,2013-08-04,0-64,174,171,137,205,
2013,32,2013-08-11,0-64,174,171,138,205,
2013,33,2013-08-18,0-64,185,171,138,205,
2013,34,2013-08-25,0-64,176,171,138,205,
2013,35,2013-09-01,0-64,188,172,138,206,
2013,36,2013-09-08,0-64,162,172,138,206,
2013,37,2013-09-15,0-64,164,172,139,206,
2013,38,2013-09-22,0-64,168,173,139,206,
2013,39,2013-09-29,0-64,179,173,139,207,
2013,40,2013-10-06,0-64,195,173,139,207,
2013,41,2013-10-13,0-64,165,174,140,208,
2013,42,2013-10-20,0-64,158,174,140,208,
2013,43,2013-10-27,0-64,181,174,140,208,
2013,44,2013-11-03,0-64,166,175,141,209,
2013,45,2013-11-10,0-64,168,175,141,209,
2013,46,2013-11-17,0-64,161,176,141,210,
2013,47,2013-11-24,0-64,179,176,142,210,
2013,48,2013-12-01,0-64,165,176,142,211,
2013,49,2013-12-08,0-64,201,177,143,211,
2013,50,2013-12-15,0-64,180,177,143,211,
2013,51,2013-12-22,0-64,190,178,143,212,
2013,52,2013-12-29,0-64,169,178,144,212,
2013,1,2013-01-06,65,1093,1184,1096,1273,
2013,2,2013-01-13,65,1238,1182,1094,1271,
2013,3,2013-01-20,65,1191,1180,1092,1269,
2013,4,2013-01-27,65,1212,1178,1090,1266,
2013,5,2013-02-03,65,1223,1176,1087,1264,
2013,6,2013-02-10,65,1256,1173,1085,1261,
2013,7,2013-02-17,65,1264,1171,1083,1259,1264
2013,8,2013-02-24,65,1230,1162,1074,1250,
2013,9,2013-03-03,65,1255,1152,1065,1240,1255
2013,10,2013-03-10,65,1305,1136,1049,1222,1305
2013,11,2013-03-17,65,1227,1119,1033,1205,1227
2013,12,2013-03-24,65,1146,1098,1012,1183,
2013,13,2013-03-31,65,1170,1077,992,1161,1170
2013,14,2013-04-07,65,1132,1059,975,1142,
2013,15,2013-04-14,65,1107,1043,960,1126,
2013,16,2013-04-21,65,1043,1028,945,1111,
2013,17,2013-04-28,65,1054,1016,933,1098,
2013,18,2013-05-05,65,968,1003,922,1085,
2013,19,2013-05-12,65,935,992,911,1073,
2013,20,2013-05-19,65,981,981,901,1062,
2013,21,2013-05-26,65,937,971,891,1052,
2013,22,2013-06-02,65,935,966,886,1046,
2013,23,2013-06-09,65,986,961,881,1041,
2013,24,2013-06-16,65,992,958,878,1038,
2013,25,2013-06-23,65,1002,956,876,1035,
2013,26,2013-06-30,65,909,953,874,1033,
2013,27,2013-07-07,65,991,952,872,1031,
2013,28,2013-07-14,65,924,950,870,1029,
2013,29,2013-07-21,65,1012,948,868,1027,
2013,30,2013-07-28,65,1020,947,867,1026,
2013,31,2013-08-04,65,967,946,867,1025,
2013,32,2013-08-11,65,910,948,869,1028,
2013,33,2013-08-18,65,993,951,871,1030,
2013,34,2013-08-25,65,948,955,875,1034,
2013,35,2013-09-01,65,975,960,880,1040,
2013,36,2013-09-08,65,996,965,885,1045,
2013,37,2013-09-15,65,942,970,889,1050,
2013,38,2013-09-22,65,992,975,894,1055,
2013,39,2013-09-29,65,989,980,899,1060,
2013,40,2013-10-06,65,920,987,906,1068,
2013,41,2013-10-13,65,980,995,914,1077,
2013,42,2013-10-20,65,984,1003,922,1085,
2013,43,2013-10-27,65,1024,1015,933,1097,
2013,44,2013-11-03,65,1030,1027,945,1110,
2013,45,2013-11-10,65,1035,1042,959,1125,
2013,46,2013-11-17,65,1007,1057,974,1141,
2013,47,2013-11-24,65,1061,1073,988,1157,
2013,48,2013-12-01,65,1049,1088,1003,1173,
2013,49,2013-12-08,65,1128,1103,1018,1189,
2013,50,2013-12-15,65,1076,1118,1032,1204,
2013,51,2013-12-22,65,1031,1132,1046,1219,
2013,52,2013-12-29,65,1106,1147,1060,1234,
2014,1,2014-01-05,0-64,166,185,150,220,
2014,2,2014-01-12,0-64,160,185,150,220,
2014,3,2014-01-19,0-64,215,184,149,219,
2014,4,2014-01-26,0-64,184,183,148,218,
2014,5,2014-02-02,0-64,149,182,148,217,
2014,6,2014-02-09,0-64,167,182,147,217,
2014,7,2014-02-16,0-64,205,181,146,216,
2014,8,2014-02-23,0-64,191,180,146,215,
2014,9,2014-03-02,0-64,198,180,145,214,
2014,10,2014-03-09,0-64,184,179,145,213,
2014,11,2014-03-16,0-64,178,178,144,213,
2014,12,2014-03-23,0-64,172,178,143,212,
2014,13,2014-03-30,0-64,183,177,143,211,
2014,14,2014-04-06,0-64,188,176,142,211,
2014,15,2014-04-13,0-64,177,176,141,210,
2014,16,2014-04-20,0-64,170,175,141,209,
2014,17,2014-04-27,0-64,156,174,140,208,
2014,18,2014-05-04,0-64,141,173,139,207,
2014,19,2014-05-11,0-64,208,173,139,206,208
2014,20,2014-05-18,0-64,165,172,138,206,
2014,21,2014-05-25,0-64,170,171,137,205,
2014,22,2014-06-01,0-64,176,171,137,204,
2014,23,2014-06-08,0-64,163,170,137,204,
2014,24,2014-06-15,0-64,158,170,136,203,
2014,25,2014-06-22,0-64,159,169,136,203,
2014,26,2014-06-29,0-64,163,169,136,203,
2014,27,2014-07-06,0-64,163,169,135,202,
2014,28,2014-07-13,0-64,150,169,135,202,
2014,29,2014-07-20,0-64,167,168,135,202,
2014,30,2014-07-27,0-64,165,168,135,202,
2014,31,2014-08-03,0-64,159,168,135,202,
2014,32,2014-08-10,0-64,154,168,135,202,
2014,33,2014-08-17,0-64,142,168,135,202,
2014,34,2014-08-24,0-64,160,168,135,202,
2014,35,2014-08-31,0-64,163,169,135,202,
2014,36,2014-09-07,0-64,188,169,135,202,
2014,37,2014-09-14,0-64,141,169,136,203,
2014,38,2014-09-21,0-64,157,170,136,203,
2014,39,2014-09-28,0-64,169,170,136,204,
2014,40,2014-10-05,0-64,167,170,137,204,
2014,41,2014-10-12,0-64,188,171,137,205,
2014,42,2014-10-19,0-64,149,172,138,205,
2014,43,2014-10-26,0-64,158,172,138,206,
2014,44,2014-11-02,0-64,182,173,139,207,
2014,45,2014-11-09,0-64,181,173,139,207,
2014,46,2014-11-16,0-64,207,174,140,208,
2014,47,2014-11-23,0-64,181,174,140,208,
2014,48,2014-11-30,0-64,158,175,141,209,
2014,49,2014-12-07,0-64,194,176,142,210,
2014,50,2014-12-14,0-64,171,176,142,210,
2014,51,2014-12-21,0-64,173,177,143,211,
2014,52,2014-12-28,0-64,177,178,143,212,
2014,1,2014-01-05,65,1143,1216,1126,1306,
2014,2,2014-01-12,65,1126,1215,1126,1305,
2014,3,2014-01-19,65,1097,1216,1126,1306,
2014,4,2014-01-26,65,1131,1216,1126,1306,
2014,5,2014-02-02,65,1164,1217,1127,1307,
2014,6,2014-02-09,65,1108,1218,1128,1308,
2014,7,2014-02-16,65,1095,1215,1125,1305,
2014,8,2014-02-23,65,1158,1204,1115,1294,
2014,9,2014-03-02,65,1160,1193,1104,1282,
2014,10,2014-03-09,65,1151,1170,1082,1258,
2014,11,2014-03-16,65,1114,1146,1059,1233,
2014,12,2014-03-23,65,1114,1121,1034,1207,
2014,13,2014-03-30,65,1026,1095,1010,1180,
2014,14,2014-04-06,65,1036,1077,992,1161,
2014,15,2014-04-13,65,1035,1063,979,1147,
2014,16,2014-04-20,65,1020,1049,966,1132,
2014,17,2014-04-27,65,980,1036,954,1119,
2014,18,2014-05-04,65,1047,1024,942,1106,
2014,19,2014-05-11,65,1001,1012,930,1094,
2014,20,2014-05-18,65,970,999,918,1081,
2014,21,2014-05-25,65,983,988,907,1069,
2014,22,2014-06-01,65,948,984,903,1064,
2014,23,2014-06-08,65,934,979,899,1060,
2014,24,2014-06-15,65,1057,978,897,1058,
2014,25,2014-06-22,65,921,976,896,1057,
2014,26,2014-06-29,65,916,975,894,1055,
2014,27,2014-07-06,65,993,975,894,1055,
2014,28,2014-07-13,65,927,971,891,1051,
2014,29,2014-07-20,65,1014,968,888,1048,
2014,30,2014-07-27,65,971,967,887,1047,
2014,31,2014-08-03,65,1002,967,887,1047,
2014,32,2014-08-10,65,900,970,890,1051,
2014,33,2014-08-17,65,965,974,894,1055,
2014,34,2014-08-24,65,943,980,900,1061,
2014,35,2014-08-31,65,1014,987,906,1068,
2014,36,2014-09-07,65,963,994,913,1075,
2014,37,2014-09-14,65,991,999,917,1080,
2014,38,2014-09-21,65,958,1003,922,1085,
2014,39,2014-09-28,65,966,1008,926,1090,
2014,40,2014-10-05,65,1022,1015,933,1098,
2014,41,2014-10-12,65,1020,1024,942,1106,
2014,42,2014-10-19,65,1020,1033,950,1115,
2014,43,2014-10-26,65,1086,1045,962,1128,
2014,44,2014-11-02,65,1036,1057,974,1141,
2014,45,2014-11-09,65,1085,1074,989,1158,
2014,46,2014-11-16,65,1092,1090,1005,1175,
2014,47,2014-11-23,65,1112,1106,1021,1192,
2014,48,2014-11-30,65,1125,1123,1037,1209,
2014,49,2014-12-07,65,1100,1140,1053,1227,
2014,50,2014-12-14,65,1080,1149,1062,1237,
2014,51,2014-12-21,65,1160,1158,1071,1246,
2014,52,2014-12-28,65,1155,1167,1079,1255,
2015,1,2015-01-04,0-64,192,177,143,211,
2015,2,2015-01-11,0-64,190,177,143,212,
2015,3,2015-01-18,0-64,197,178,144,212,
2015,4,2015-01-25,0-64,174,178,144,213,
2015,5,2015-02-01,0-64,203,179,144,213,
2015,6,2015-02-08,0-64,178,179,145,214,
2015,7,2015-02-15,0-64,223,179,145,214,223
2015,8,2015-02-22,0-64,208,178,144,213,
2015,9,2015-03-01,0-64,188,177,143,211,
2015,10,2015-03-08,0-64,184,175,141,210,
2015,11,2015-03-15,0-64,171,174,140,208,
2015,12,2015-03-22,0-64,187,172,138,206,
2015,13,2015-03-29,0-64,170,171,137,204,
2015,14,2015-04-05,0-64,186,170,136,204,
2015,15,2015-04-12,0-64,161,169,136,203,
2015,16,2015-04-19,0-64,171,169,135,202,
2015,17,2015-04-26,0-64,163,169,135,202,
2015,18,2015-05-03,0-64,159,168,135,202,
2015,19,2015-05-10,0-64,180,168,135,201,
2015,20,2015-05-17,0-64,184,167,134,201,
2015,21,2015-05-24,0-64,166,167,133,200,
2015,22,2015-05-31,0-64,164,166,133,200,
2015,23,2015-06-07,0-64,164,166,133,199,
2015,24,2015-06-14,0-64,175,166,133,199,
2015,25,2015-06-21,0-64,166,165,132,198,
2015,26,2015-06-28,0-64,202,165,132,198,202
2015,27,2015-07-05,0-64,179,164,131,197,
2015,28,2015-07-12,0-64,181,163,130,196,
2015,29,2015-07-19,0-64,203,162,129,195,203
2015,30,2015-07-26,0-64,157,161,129,194,
2015,31,2015-08-02,0-64,164,161,128,194,
2015,32,2015-08-09,0-64,180,161,129,194,
2015,33,2015-08-16,0-64,165,162,129,194,
2015,34,2015-08-23,0-64,163,162,130,195,
2015,35,2015-08-30,0-64,176,163,131,196,
2015,36,2015-09-06,0-64,162,164,131,197,
2015,37,2015-09-13,0-64,186,165,132,199,
2015,38,2015-09-20,0-64,169,166,133,199,
2015,39,2015-09-27,0-64,146,166,133,199,
2015,40,2015-10-04,0-64,185,166,133,200,
2015,41,2015-10-11,0-64,159,167,133,200,
2015,42,2015-10-18,0-64,171,167,134,200,
2015,43,2015-10-25,0-64,170,167,133,200,
2015,44,2015-11-01,0-64,177,166,133,200,
2015,45,2015-11-08,0-64,167,167,134,200,
2015,46,2015-11-15,0-64,181,167,134,200,
2015,47,2015-11-22,0-64,178,169,135,202,
2015,48,2015-11-29,0-64,159,171,137,204,
2015,49,2015-12-06,0-64,179,173,139,207,
2015,50,2015-12-13,0-64,180,175,141,209,
2015,51,2015-12-20,0-64,162,177,142,211,
2015,52,2015-12-27,0-64,169,179,144,213,
2015,53,2016-01-03,0-64,165,181,146,215,
2015,1,2015-01-04,65,1210,1188,1100,1277,
2015,2,2015-01-11,65,1293,1190,1101,1279,1293
2015,3,2015-01-18,65,1313,1192,1103,1281,1313
2015,4,2015-01-25,65,1299,1195,1106,1284,1299
2015,5,2015-02-01,65,1378,1199,1110,1288,1378
2015,6,2015-02-08,65,1468,1209,1119,1298,1468
2015,7,2015-02-15,65,1572,1213,1123,1303,1572
2015,8,2015-02-22,65,1548,1212,1122,1302,1548
2015,9,2015-03-01,65,1527,1201,1112,1291,1527
2015,10,2015-03-08,65,1359,1176,1088,1265,1359
2015,11,2015-03-15,65,1359,1147,1060,1235,1359
2015,12,2015-03-22,65,1237,1119,1033,1205,1237
2015,13,2015-03-29,65,1112,1092,1007,1177,
2015,14,2015-04-05,65,1104,1071,987,1156,
2015,15,2015-04-12,65,1059,1058,974,1141,
2015,16,2015-04-19,65,1106,1045,962,1128,
2015,17,2015-04-26,65,1043,1032,949,1115,
2015,18,2015-05-03,65,1105,1019,937,1102,1105
2015,19,2015-05-10,65,970,1006,924,1088,
2015,20,2015-05-17,65,957,993,912,1074,
2015,21,2015-05-24,65,950,981,901,1062,
2015,22,2015-05-31,65,921,975,894,1055,
2015,23,2015-06-07,65,994,974,893,1054,
2015,24,2015-06-14,65,982,975,894,1055,
2015,25,2015-06-21,65,923,976,896,1057,
2015,26,2015-06-28,65,983,980,899,1061,
2015,27,2015-07-05,65,1098,983,902,1063,1098
2015,28,2015-07-12,65,1157,984,903,1064,1157
2015,29,2015-07-19,65,1077,981,900,1062,1077
2015,30,2015-07-26,65,994,977,896,1057,
2015,31,2015-08-02,65,957,973,893,1054,
2015,32,2015-08-09,65,1018,972,892,1052,
2015,33,2015-08-16,65,1015,972,892,1053,
2015,34,2015-08-23,65,967,978,898,1059,
2015,35,2015-08-30,65,990,988,907,1069,
2015,36,2015-09-06,65,980,995,914,1076,
2015,37,2015-09-13,65,991,999,918,1081,
2015,38,2015-09-20,65,952,1005,923,1086,
2015,39,2015-09-27,65,1027,1012,930,1094,
2015,40,2015-10-04,65,1031,1021,938,1103,
2015,41,2015-10-11,65,999,1034,951,1116,
2015,42,2015-10-18,65,1039,1045,962,1128,
2015,43,2015-10-25,65,1026,1053,970,1137,
2015,44,2015-11-01,65,1093,1061,977,1145,
2015,45,2015-11-08,65,994,1073,988,1157,
2015,46,2015-11-15,65,1007,1084,999,1169,
2015,47,2015-11-22,65,1066,1101,1016,1187,
2015,48,2015-11-29,65,1084,1121,1035,1207,
2015,49,2015-12-06,65,1111,1138,1051,1225,
2015,50,2015-12-13,65,1034,1149,1062,1237,
2015,51,2015-12-20,65,1022,1159,1071,1247,
2015,52,2015-12-27,65,1099,1168,1080,1256,
2015,53,2016-01-03,65,1126,1177,1089,1266,
2016,1,2016-01-10,0-64,183,181,147,216,
2016,2,2016-01-17,0-64,149,181,146,215,
2016,3,2016-01-24,0-64,183,180,145,214,
2016,4,2016-01-31,0-64,194,179,144,213,
2016,5,2016-02-07,0-64,190,178,144,213,
2016,6,2016-02-14,0-64,187,177,143,212,
2016,7,2016-02-21,0-64,179,177,142,211,
2016,8,2016-02-28,0-64,194,176,142,210,
2016,9,2016-03-06,0-64,181,175,141,209,
2016,10,2016-03-13,0-64,191,174,140,208,
2016,11,2016-03-20,0-64,168,174,140,207,
2016,12,2016-03-27,0-64,183,173,139,207,
2016,13,2016-04-03,0-64,167,172,138,206,
2016,14,2016-04-10,0-64,143,171,138,205,
2016,15,2016-04-17,0-64,159,170,137,204,
2016,16,2016-04-24,0-64,168,170,136,203,
2016,17,2016-05-01,0-64,152,169,135,202,
2016,18,2016-05-08,0-64,169,168,135,201,
2016,19,2016-05-15,0-64,177,167,134,200,
2016,20,2016-05-22,0-64,165,166,133,200,
2016,21,2016-05-29,0-64,146,166,132,199,
2016,22,2016-06-05,0-64,151,165,132,198,
2016,23,2016-06-12,0-64,165,165,132,198,
2016,24,2016-06-19,0-64,173,164,131,197,
2016,25,2016-06-26,0-64,163,164,131,197,
2016,26,2016-07-03,0-64,169,164,131,197,
2016,27,2016-07-10,0-64,154,163,130,196,
2016,28,2016-07-17,0-64,155,163,130,196,
2016,29,2016-07-24,0-64,166,163,130,196,
2016,30,2016-07-31,0-64,160,163,130,196,
2016,31,2016-08-07,0-64,195,163,130,196,
2016,32,2016-08-14,0-64,187,163,130,196,
2016,33,2016-08-21,0-64,151,163,130,196,
2016,34,2016-08-28,0-64,139,163,131,196,
2016,35,2016-09-04,0-64,169,164,131,197,
2016,36,2016-09-11,0-64,182,164,131,197,
2016,37,2016-09-18,0-64,150,164,131,198,
2016,38,2016-09-25,0-64,171,165,132,198,
2016,39,2016-10-02,0-64,172,165,132,198,
2016,40,2016-10-09,0-64,185,165,132,199,
2016,41,2016-10-16,0-64,172,166,133,199,
2016,42,2016-10-23,0-64,163,167,133,200,
2016,43,2016-10-30,0-64,168,167,134,200,
2016,44,2016-11-06,0-64,176,168,134,201,
2016,45,2016-11-13,0-64,172,168,135,202,
2016,46,2016-11-20,0-64,170,169,135,202,
2016,47,2016-11-27,0-64,134,169,136,203,
2016,48,2016-12-04,0-64,179,170,136,203,
2016,49,2016-12-11,0-64,159,170,137,204,
2016,50,2016-12-18,0-64,163,171,137,205,
2016,51,2016-12-25,0-64,187,171,138,205,
2016,52,2017-01-01,0-64,168,172,138,206,
2016,1,2016-01-10,65,1146,1237,1147,1328,
2016,2,2016-01-17,65,1090,1236,1146,1327,
2016,3,2016-01-24,65,1134,1236,1145,1326,
2016,4,2016-01-31,65,1151,1235,1145,1326,
2016,5,2016-02-07,65,1138,1234,1143,1324,
2016,6,2016-02-14,65,1145,1233,1142,1323,
2016,7,2016-02-21,65,1124,1231,1141,1322,
2016,8,2016-02-28,65,1181,1223,1133,1313,
2016,9,2016-03-06,65,1137,1215,1126,1305,
2016,10,2016-03-13,65,1151,1200,1111,1289,
2016,11,2016-03-20,65,1102,1184,1096,1273,
2016,12,2016-03-27,65,1100,1163,1076,1251,
2016,13,2016-04-03,65,1093,1143,1055,1230,
2016,14,2016-04-10,65,1091,1123,1037,1209,
2016,15,2016-04-17,65,1059,1106,1020,1191,
2016,16,2016-04-24,65,962,1088,1003,1173,
2016,17,2016-05-01,65,1013,1073,988,1157,
2016,18,2016-05-08,65,987,1057,973,1141,
2016,19,2016-05-15,65,964,1045,961,1128,
2016,20,2016-05-22,65,1003,1032,949,1115,
2016,21,2016-05-29,65,1071,1024,941,1106,
2016,22,2016-06-05,65,989,1019,936,1101,
2016,23,2016-06-12,65,928,1013,931,1095,
2016,24,2016-06-19,65,929,1011,929,1093,
2016,25,2016-06-26,65,1057,1012,930,1094,
2016,26,2016-07-03,65,990,1012,930,1094,
2016,27,2016-07-10,65,928,1015,932,1097,
2016,28,2016-07-17,65,985,1014,932,1096,
2016,29,2016-07-24,65,1053,1013,931,1095,
2016,30,2016-07-31,65,999,1014,932,1096,
2016,31,2016-08-07,65,902,1014,932,1096,
2016,32,2016-08-14,65,959,1015,933,1097,
2016,33,2016-08-21,65,1006,1016,934,1098,
2016,34,2016-08-28,65,979,1018,936,1100,
2016,35,2016-09-04,65,958,1022,940,1104,
2016,36,2016-09-11,65,987,1027,944,1109,
2016,37,2016-09-18,65,943,1034,951,1117,
2016,38,2016-09-25,65,998,1042,959,1125,
2016,39,2016-10-02,65,1024,1051,967,1134,
2016,40,2016-10-09,65,1082,1060,976,1144,
2016,41,2016-10-16,65,1085,1069,985,1153,
2016,42,2016-10-23,65,1109,1078,993,1162,
2016,43,2016-10-30,65,1054,1088,1003,1173,
2016,44,2016-11-06,65,1124,1098,1012,1183,
2016,45,2016-11-13,65,1108,1109,1023,1195,
2016,46,2016-11-20,65,1176,1121,1034,1207,
2016,47,2016-11-27,65,1050,1133,1046,1219,
2016,48,2016-12-04,65,1144,1146,1059,1233,
2016,49,2016-12-11,65,1125,1159,1071,1247,
2016,50,2016-12-18,65,1129,1172,1084,1261,
2016,51,2016-12-25,65,1247,1186,1097,1274,
2016,52,2017-01-01,65,1404,1199,1110,1288,1404
2017,1,2017-01-08,0-64,170,176,142,210,
2017,2,2017-01-15,0-64,181,176,142,210,
2017,3,2017-01-22,0-64,189,176,142,211,
2017,4,2017-01-29,0-64,170,177,142,211,
2017,5,2017-02-05,0-64,181,177,142,211,
2017,6,2017-02-12,0-64,180,177,142,211,
2017,7,2017-02-19,0-64,174,176,142,211,
2017,8,2017-02-26,0-64,176,176,142,210,
2017,9,2017-03-05,0-64,171,175,141,210,
2017,10,2017-03-12,0-64,194,174,140,208,
2017,11,2017-03-19,0-64,169,172,139,206,
2017,12,2017-03-26,0-64,174,171,137,204,
2017,13,2017-04-02,0-64,169,169,135,202,
2017,14,2017-04-09,0-64,169,167,134,200,
2017,15,2017-04-16,0-64,163,166,133,199,
2017,16,2017-04-23,0-64,159,165,132,198,
2017,17,2017-04-30,0-64,159,164,131,197,
2017,18,2017-05-07,0-64,162,163,130,196,
2017,19,2017-05-14,0-64,164,162,130,195,
2017,20,2017-05-21,0-64,169,162,129,195,
2017,21,2017-05-28,0-64,159,162,129,194,
2017,22,2017-06-04,0-64,159,162,129,194,
2017,23,2017-06-11,0-64,175,162,129,194,
2017,24,2017-06-18,0-64,149,162,129,194,
2017,25,2017-06-25,0-64,154,161,129,194,
2017,26,2017-07-02,0-64,166,161,128,194,
2017,27,2017-07-09,0-64,146,161,128,194,
2017,28,2017-07-16,0-64,150,161,128,194,
2017,29,2017-07-23,0-64,167,161,128,194,
2017,30,2017-07-30,0-64,153,161,128,193,
2017,31,2017-08-06,0-64,170,161,128,193,
2017,32,2017-08-13,0-64,141,161,128,193,
2017,33,2017-08-20,0-64,139,161,128,193,
2017,34,2017-08-27,0-64,201,161,128,194,201
2017,35,2017-09-03,0-64,166,161,129,194,
2017,36,2017-09-10,0-64,177,162,129,195,
2017,37,2017-09-17,0-64,184,162,129,195,
2017,38,2017-09-24,0-64,186,163,130,195,
2017,39,2017-10-01,0-64,166,163,130,196,
2017,40,2017-10-08,0-64,171,163,130,196,
2017,41,2017-10-15,0-64,170,163,130,196,
2017,42,2017-10-22,0-64,165,164,131,196,
2017,43,2017-10-29,0-64,151,164,131,197,
2017,44,2017-11-05,0-64,176,164,131,197,
2017,45,2017-11-12,0-64,198,164,131,197,198
2017,46,2017-11-19,0-64,180,165,132,198,
2017,47,2017-11-26,0-64,161,166,133,199,
2017,48,2017-12-03,0-64,188,167,134,200,
2017,49,2017-12-10,0-64,166,168,135,201,
2017,50,2017-12-17,0-64,164,169,136,203,
2017,51,2017-12-24,0-64,156,170,137,204,
2017,52,2017-12-31,0-64,171,171,138,205,
2017,1,2017-01-08,65,1499,1228,1138,1318,1499
2017,2,2017-01-15,65,1537,1228,1138,1319,1537
2017,3,2017-01-22,65,1549,1229,1138,1319,1549
2017,4,2017-01-29,65,1472,1229,1139,1319,1472
2017,5,2017-02-05,65,1377,1229,1138,1319,1377
2017,6,2017-02-12,65,1405,1228,1138,1319,1405
2017,7,2017-02-19,65,1222,1228,1138,1318,
2017,8,2017-02-26,65,1199,1220,1130,1310,
2017,9,2017-03-05,65,1204,1213,1123,1302,
2017,10,2017-03-12,65,1136,1199,1110,1288,
2017,11,2017-03-19,65,1070,1185,1096,1274,
2017,12,2017-03-26,65,1061,1165,1077,1253,
2017,13,2017-04-02,65,1002,1146,1058,1233,
2017,14,2017-04-09,65,1055,1125,1039,1212,
2017,15,2017-04-16,65,1022,1107,1021,1193,
2017,16,2017-04-23,65,1005,1089,1004,1174,
2017,17,2017-04-30,65,1052,1072,988,1156,
2017,18,2017-05-07,65,1035,1055,972,1139,
2017,19,2017-05-14,65,1023,1041,958,1124,
2017,20,2017-05-21,65,1029,1027,944,1109,
2017,21,2017-05-28,65,1012,1017,935,1099,
2017,22,2017-06-04,65,951,1011,929,1093,
2017,23,2017-06-11,65,920,1005,924,1087,
2017,24,2017-06-18,65,960,1002,921,1084,
2017,25,2017-06-25,65,1028,1002,921,1084,
2017,26,2017-07-02,65,991,1002,920,1083,
2017,27,2017-07-09,65,993,1004,922,1086,
2017,28,2017-07-16,65,922,1004,923,1086,
2017,29,2017-07-23,65,968,1005,923,1087,
2017,30,2017-07-30,65,947,1006,924,1088,
2017,31,2017-08-06,65,1011,1007,925,1089,
2017,32,2017-08-13,65,944,1009,927,1090,
2017,33,2017-08-20,65,972,1011,929,1092,
2017,34,2017-08-27,65,990,1012,931,1094,
2017,35,2017-09-03,65,984,1018,936,1100,
2017,36,2017-09-10,65,960,1023,941,1106,
2017,37,2017-09-17,65,989,1031,949,1114,
2017,38,2017-09-24,65,1072,1040,957,1123,
2017,39,2017-10-01,65,1059,1049,966,1132,
2017,40,2017-10-08,65,1104,1060,976,1143,
2017,41,2017-10-15,65,1087,1069,985,1153,
2017,42,2017-10-22,65,1023,1078,993,1162,
2017,43,2017-10-29,65,1050,1086,1001,1171,
2017,44,2017-11-05,65,967,1094,1009,1179,
2017,45,2017-11-12,65,1100,1104,1019,1190,
2017,46,2017-11-19,65,1055,1114,1028,1200,
2017,47,2017-11-26,65,1139,1126,1039,1212,
2017,48,2017-12-03,65,1177,1140,1053,1227,
2017,49,2017-12-10,65,1196,1154,1066,1241,
2017,50,2017-12-17,65,1165,1168,1080,1256,
2017,51,2017-12-24,65,1270,1182,1094,1271,
2017,52,2017-12-31,65,1159,1197,1107,1286,
2018,1,2018-01-07,0-64,179,174,140,208,
2018,2,2018-01-14,0-64,174,175,141,209,
2018,3,2018-01-21,0-64,187,176,141,210,
2018,4,2018-01-28,0-64,189,176,142,210,
2018,5,2018-02-04,0-64,152,177,142,211,
2018,6,2018-02-11,0-64,191,177,143,211,
2018,7,2018-02-18,0-64,195,177,143,211,
2018,8,2018-02-25,0-64,190,176,142,210,
2018,9,2018-03-04,0-64,213,175,141,209,213
2018,10,2018-03-11,0-64,202,173,139,207,
2018,11,2018-03-18,0-64,175,171,137,205,
2018,12,2018-03-25,0-64,160,168,135,202,
2018,13,2018-04-01,0-64,171,166,133,199,
2018,14,2018-04-08,0-64,171,163,131,196,
2018,15,2018-04-15,0-64,170,162,129,195,
2018,16,2018-04-22,0-64,182,160,128,193,
2018,17,2018-04-29,0-64,163,160,127,192,
2018,18,2018-05-06,0-64,151,159,126,191,
2018,19,2018-05-13,0-64,162,159,126,191,
2018,20,2018-05-20,0-64,167,159,126,191,
2018,21,2018-05-27,0-64,172,159,126,191,
2018,22,2018-06-03,0-64,156,159,127,192,
2018,23,2018-06-10,0-64,171,160,127,192,
2018,24,2018-06-17,0-64,149,160,127,193,
2018,25,2018-06-24,0-64,174,160,127,192,
2018,26,2018-07-01,0-64,150,160,127,192,
2018,27,2018-07-08,0-64,155,160,127,192,
2018,28,2018-07-15,0-64,146,160,127,192,
2018,29,2018-07-22,0-64,159,160,127,192,
2018,30,2018-07-29,0-64,170,159,127,192,
2018,31,2018-08-05,0-64,188,159,126,191,
2018,32,2018-08-12,0-64,153,159,127,192,
2018,33,2018-08-19,0-64,162,159,127,192,
2018,34,2018-08-26,0-64,152,160,127,193,
2018,35,2018-09-02,0-64,168,161,128,193,
2018,36,2018-09-09,0-64,177,161,129,194,
2018,37,2018-09-16,0-64,159,162,129,195,
2018,38,2018-09-23,0-64,172,162,129,195,
2018,39,2018-09-30,0-64,166,162,130,195,
2018,40,2018-10-07,0-64,171,163,130,195,
2018,41,2018-10-14,0-64,162,163,130,196,
2018,42,2018-10-21,0-64,149,163,130,196,
2018,43,2018-10-28,0-64,134,163,130,196,
2018,44,2018-11-04,0-64,149,163,130,196,
2018,45,2018-11-11,0-64,169,163,130,196,
2018,46,2018-11-18,0-64,186,163,130,196,
2018,47,2018-11-25,0-64,164,164,131,197,
2018,48,2018-12-02,0-64,181,165,132,198,
2018,49,2018-12-09,0-64,198,166,133,199,
2018,50,2018-12-16,0-64,161,166,133,200,
2018,51,2018-12-23,0-64,177,167,134,200,
2018,52,2018-12-30,0-64,154,168,135,201,
2018,1,2018-01-07,65,1355,1251,1160,1342,1355
2018,2,2018-01-14,65,1352,1251,1160,1342,1352
2018,3,2018-01-21,65,1300,1250,1159,1341,
2018,4,2018-01-28,65,1189,1250,1159,1341,
2018,5,2018-02-04,65,1231,1248,1157,1339,
2018,6,2018-02-11,65,1241,1247,1156,1338,
2018,7,2018-02-18,65,1254,1245,1154,1336,
2018,8,2018-02-25,65,1275,1235,1144,1325,
2018,9,2018-03-04,65,1412,1225,1135,1315,1412
2018,10,2018-03-11,65,1322,1209,1119,1298,1322
2018,11,2018-03-18,65,1302,1192,1103,1281,1302
2018,12,2018-03-25,65,1211,1172,1083,1260,
2018,13,2018-04-01,65,1168,1151,1064,1238,
2018,14,2018-04-08,65,1163,1131,1045,1218,
2018,15,2018-04-15,65,1118,1114,1028,1200,
2018,16,2018-04-22,65,1033,1096,1011,1181,
2018,17,2018-04-29,65,967,1079,995,1164,
2018,18,2018-05-06,65,1064,1063,979,1147,
2018,19,2018-05-13,65,1022,1048,965,1132,
2018,20,2018-05-20,65,932,1034,951,1117,
2018,21,2018-05-27,65,1044,1024,942,1106,
2018,22,2018-06-03,65,989,1018,936,1100,
2018,23,2018-06-10,65,984,1012,930,1094,
2018,24,2018-06-17,65,962,1008,926,1090,
2018,25,2018-06-24,65,938,1008,927,1090,
2018,26,2018-07-01,65,1018,1009,927,1090,
2018,27,2018-07-08,65,973,1011,929,1093,
2018,28,2018-07-15,65,918,1012,930,1094,
2018,29,2018-07-22,65,1045,1013,931,1095,
2018,30,2018-07-29,65,1029,1014,932,1096,
2018,31,2018-08-05,65,1056,1016,934,1098,
2018,32,2018-08-12,65,1053,1018,936,1100,
2018,33,2018-08-19,65,1006,1020,938,1102,
2018,34,2018-08-26,65,985,1022,939,1104,
2018,35,2018-09-02,65,1024,1028,945,1110,
2018,36,2018-09-09,65,986,1034,951,1117,
2018,37,2018-09-16,65,1052,1043,960,1126,
2018,38,2018-09-23,65,989,1052,969,1136,
2018,39,2018-09-30,65,1021,1061,977,1145,
2018,40,2018-10-07,65,1042,1072,988,1156,
2018,41,2018-10-14,65,1046,1081,996,1165,
2018,42,2018-10-21,65,1050,1089,1004,1174,
2018,43,2018-10-28,65,1083,1096,1011,1181,
2018,44,2018-11-04,65,1106,1103,1017,1188,
2018,45,2018-11-11,65,1084,1113,1027,1198,
2018,46,2018-11-18,65,1037,1122,1036,1209,
2018,47,2018-11-25,65,1103,1133,1047,1220,
2018,48,2018-12-02,65,1125,1146,1059,1233,
2018,49,2018-12-09,65,1172,1159,1071,1246,
2018,50,2018-12-16,65,1166,1172,1083,1260,
2018,51,2018-12-23,65,1122,1185,1096,1273,
2018,52,2018-12-30,65,1152,1198,1108,1287,
2019,1,2019-01-06,0-64,156,174,140,208,
2019,2,2019-01-13,0-64,171,174,140,208,
2019,3,2019-01-20,0-64,177,175,141,209,
2019,4,2019-01-27,0-64,172,176,142,210,
2019,5,2019-02-03,0-64,170,176,142,210,
2019,6,2019-02-10,0-64,162,177,142,211,
2019,7,2019-02-17,0-64,175,177,143,211,
2019,8,2019-02-24,0-64,159,176,142,210,
2019,9,2019-03-03,0-64,184,174,140,208,
2019,10,2019-03-10,0-64,178,172,138,206,
2019,11,2019-03-17,0-64,147,170,136,204,
2019,12,2019-03-24,0-64,180,167,134,201,
2019,13,2019-03-31,0-64,182,165,132,198,
2019,14,2019-04-07,0-64,175,162,129,195,
2019,15,2019-04-14,0-64,143,161,128,194,
2019,16,2019-04-21,0-64,172,159,127,192,
2019,17,2019-04-28,0-64,151,159,126,191,
2019,18,2019-05-05,0-64,146,158,126,191,
2019,19,2019-05-12,0-64,197,158,126,191,197
2019,20,2019-05-19,0-64,164,158,126,191,
2019,21,2019-05-26,0-64,180,159,126,191,
2019,22,2019-06-02,0-64,158,159,127,192,
2019,23,2019-06-09,0-64,154,160,127,192,
2019,24,2019-06-16,0-64,177,160,127,192,
2019,25,2019-06-23,0-64,179,159,127,192,
2019,26,2019-06-30,0-64,161,159,127,191,
2019,27,2019-07-07,0-64,177,159,126,191,
2019,28,2019-07-14,0-64,166,159,126,191,
2019,29,2019-07-21,0-64,163,159,126,191,
2019,30,2019-07-28,0-64,138,158,126,191,
2019,31,2019-08-04,0-64,147,158,126,190,
2019,32,2019-08-11,0-64,154,158,126,191,
2019,33,2019-08-18,0-64,148,158,126,191,
2019,34,2019-08-25,0-64,167,159,126,191,
2019,35,2019-09-01,0-64,137,160,127,192,
2019,36,2019-09-08,0-64,141,160,128,193,
2019,37,2019-09-15,0-64,164,161,128,193,
2019,38,2019-09-22,0-64,174,161,128,194,
2019,39,2019-09-29,0-64,163,161,128,194,
2019,40,2019-10-06,0-64,166,161,129,194,
2019,41,2019-10-13,0-64,176,162,129,194,
2019,42,2019-10-20,0-64,174,162,129,195,
2019,43,2019-10-27,0-64,160,162,130,195,
2019,44,2019-11-03,0-64,152,163,130,195,
2019,45,2019-11-10,0-64,130,163,130,196,
2019,46,2019-11-17,0-64,155,164,131,197,
2019,47,2019-11-24,0-64,156,165,132,198,
2019,48,2019-12-01,0-64,171,165,132,199,
2019,49,2019-12-08,0-64,138,166,133,199,
2019,50,2019-12-15,0-64,163,167,133,200,
2019,51,2019-12-22,0-64,175,167,134,201,
2019,52,2019-12-29,0-64,147,168,135,201,
2019,1,2019-01-06,65,1174,1247,1156,1338,
2019,2,2019-01-13,65,1199,1253,1162,1344,
2019,3,2019-01-20,65,1170,1258,1167,1349,
2019,4,2019-01-27,65,1219,1263,1172,1355,
2019,5,2019-02-03,65,1255,1267,1176,1359,
2019,6,2019-02-10,65,1308,1272,1180,1363,
2019,7,2019-02-17,65,1373,1268,1177,1360,1373
2019,8,2019-02-24,65,1354,1255,1163,1346,1354
2019,9,2019-03-03,65,1334,1241,1150,1332,1334
2019,10,2019-03-10,65,1269,1219,1129,1309,
2019,11,2019-03-17,65,1223,1196,1107,1285,
2019,12,2019-03-24,65,1159,1173,1085,1262,
2019,13,2019-03-31,65,1124,1150,1063,1238,
2019,14,2019-04-07,65,1199,1130,1043,1216,
2019,15,2019-04-14,65,1070,1111,1026,1197,
2019,16,2019-04-21,65,1121,1093,1008,1179,
2019,17,2019-04-28,65,1076,1076,991,1160,
2019,18,2019-05-05,65,1103,1058,974,1142,
2019,19,2019-05-12,65,1060,1044,961,1128,
2019,20,2019-05-19,65,1038,1030,948,1113,
2019,21,2019-05-26,65,1080,1021,938,1103,
2019,22,2019-06-02,65,1073,1015,933,1097,
2019,23,2019-06-09,65,1077,1009,927,1091,
2019,24,2019-06-16,65,984,1007,925,1089,
2019,25,2019-06-23,65,1020,1009,927,1091,
2019,26,2019-06-30,65,1069,1010,929,1092,
2019,27,2019-07-07,65,1071,1016,934,1098,
2019,28,2019-07-14,65,1052,1017,935,1099,
2019,29,2019-07-21,65,1033,1019,937,1101,
2019,30,2019-07-28,65,1101,1020,938,1102,
2019,31,2019-08-04,65,972,1021,939,1103,
2019,32,2019-08-11,65,971,1021,939,1104,
2019,33,2019-08-18,65,988,1022,939,1104,
2019,34,2019-08-25,65,1069,1023,940,1105,
2019,35,2019-09-01,65,1001,1030,947,1113,
2019,36,2019-09-08,65,1018,1037,954,1120,
2019,37,2019-09-15,65,1066,1046,963,1129,
2019,38,2019-09-22,65,1100,1055,972,1139,
2019,39,2019-09-29,65,1062,1065,981,1149,
2019,40,2019-10-06,65,1050,1076,991,1160,
2019,41,2019-10-13,65,1088,1085,1000,1170,
2019,42,2019-10-20,65,1108,1094,1009,1179,
2019,43,2019-10-27,65,1133,1099,1013,1184,
2019,44,2019-11-03,65,1060,1103,1018,1189,
2019,45,2019-11-10,65,1118,1113,1027,1199,
2019,46,2019-11-17,65,1192,1123,1037,1209,
2019,47,2019-11-24,65,1168,1133,1047,1220,
2019,48,2019-12-01,65,1183,1146,1058,1233,
2019,49,2019-12-08,65,1057,1158,1070,1245,
2019,50,2019-12-15,65,1189,1170,1082,1258,
2019,51,2019-12-22,65,1200,1181,1093,1270,
2019,52,2019-12-29,65,1157,1193,1104,1281,
2020,1,2020-01-05,0-64,145,169,135,202,
2020,1,2020-01-05,0-64,145,169,135,202,
2020,2,2020-01-12,0-64,165,170,136,203,
2020,3,2020-01-19,0-64,181,170,137,204,
2020,4,2020-01-26,0-64,178,171,138,205,
2020,5,2020-02-02,0-64,159,172,138,206,
2020,6,2020-02-09,0-64,184,173,139,206,
2020,7,2020-02-16,0-64,161,173,139,207,
2020,8,2020-02-23,0-64,177,172,138,206,
2020,9,2020-03-01,0-64,166,171,137,205,
2020,10,2020-03-08,0-64,161.6,169,136,203,
2020,11,2020-03-15,0-64,154.8,167,134,201,
2020,12,2020-03-22,0-64,176.8,165,131,198,
2020,13,2020-03-29,0-64,203,162,129,195,
2020,14,2020-04-05,0-64,175.2,160,127,192,
2020,15,2020-04-12,0-64,,159,126,191,null
2020,16,2020-04-19,0-64,,157,125,190,null
2020,17,2020-04-26,0-64,,157,125,189,null
2020,18,2020-05-03,0-64,,156,124,189,null
2020,19,2020-05-10,0-64,,156,124,188,null
2020,20,2020-05-17,0-64,,156,124,188,null
2020,21,2020-05-24,0-64,,157,124,189,null
2020,22,2020-05-31,0-64,,157,125,189,null
2020,23,2020-06-07,0-64,,157,125,190,null
2020,24,2020-06-14,0-64,,157,125,190,null
2020,25,2020-06-21,0-64,,157,125,189,null
2020,26,2020-06-28,0-64,,157,124,189,null
2020,27,2020-07-05,0-64,,156,124,189,null
2020,28,2020-07-12,0-64,,156,124,188,null
2020,29,2020-07-19,0-64,,156,124,188,null
2020,30,2020-07-26,0-64,,155,123,187,null
2020,31,2020-08-02,0-64,,155,123,187,null
2020,32,2020-08-09,0-64,,155,123,187,null
2020,33,2020-08-16,0-64,,155,123,187,null
2020,34,2020-08-23,0-64,,155,123,187,null
2020,35,2020-08-30,0-64,,156,124,188,null
2020,36,2020-09-06,0-64,,156,124,189,null
2020,37,2020-09-13,0-64,,157,125,189,null
2020,38,2020-09-20,0-64,,157,125,189,null
2020,39,2020-09-27,0-64,,157,125,190,null
2020,40,2020-10-04,0-64,,158,125,190,null
2020,41,2020-10-11,0-64,,158,126,191,null
2020,42,2020-10-18,0-64,,159,126,191,null
2020,43,2020-10-25,0-64,,159,127,192,null
2020,44,2020-11-01,0-64,,160,127,192,null
2020,45,2020-11-08,0-64,,160,128,193,null
2020,46,2020-11-15,0-64,,161,128,193,null
2020,47,2020-11-22,0-64,,161,129,194,null
2020,48,2020-11-29,0-64,,161,129,194,null
2020,49,2020-12-06,0-64,,161,129,194,null
2020,50,2020-12-13,0-64,,161,129,194,null
2020,51,2020-12-20,0-64,,161,128,194,null
2020,52,2020-12-27,0-64,,161,128,193,null
2020,53,2021-01-03,0-64,,161,128,193,null
2020,1,2020-01-05,65,1151,1241,1150,1332,
2020,2,2020-01-12,65,1182,1249,1158,1340,
2020,3,2020-01-19,65,1204,1258,1166,1349,
2020,4,2020-01-26,65,1213,1266,1174,1357,
2020,5,2020-02-02,65,1244,1273,1181,1365,
2020,6,2020-02-09,65,1176,1281,1188,1373,
2020,7,2020-02-16,65,1191,1281,1189,1373,
2020,8,2020-02-23,65,1151,1272,1180,1363,
2020,9,2020-03-01,65,1133,1262,1170,1353,
2020,10,2020-03-08,65,1157.9,1241,1151,1332,
2020,11,2020-03-15,65,1223.9,1221,1131,1311,
2020,12,2020-03-22,65,1315.6,1198,1108,1287,
2020,13,2020-03-29,65,1404.3,1174,1086,1262,
2020,14,2020-04-05,65,1651.6,1153,1065,1240,
2020,15,2020-04-12,65,,1133,1047,1220,null
2020,16,2020-04-19,65,,1114,1028,1200,null
2020,17,2020-04-26,65,,1096,1010,1181,null
2020,18,2020-05-03,65,,1077,993,1162,null
2020,19,2020-05-10,65,,1063,979,1147,null
2020,20,2020-05-17,65,,1048,965,1131,null
2020,21,2020-05-24,65,,1037,954,1120,null
2020,22,2020-05-31,65,,1031,948,1114,null
2020,23,2020-06-07,65,,1026,943,1108,null
2020,24,2020-06-14,65,,1025,943,1108,null
2020,25,2020-06-21,65,,1028,945,1111,null
2020,26,2020-06-28,65,,1031,948,1114,null
2020,27,2020-07-05,65,,1037,954,1120,null
2020,28,2020-07-12,65,,1038,955,1121,null
2020,29,2020-07-19,65,,1039,956,1122,null
2020,30,2020-07-26,65,,1038,955,1121,null
2020,31,2020-08-02,65,,1037,954,1120,null
2020,32,2020-08-09,65,,1037,954,1120,null
2020,33,2020-08-16,65,,1036,953,1119,null
2020,34,2020-08-23,65,,1038,955,1121,null
2020,35,2020-08-30,65,,1045,962,1129,null
2020,36,2020-09-06,65,,1053,969,1137,null
2020,37,2020-09-13,65,,1063,979,1147,null
2020,38,2020-09-20,65,,1072,988,1157,null
2020,39,2020-09-27,65,,1082,997,1167,null
2020,40,2020-10-04,65,,1093,1008,1178,null
2020,41,2020-10-11,65,,1102,1017,1188,null
2020,42,2020-10-18,65,,1112,1026,1197,null
2020,43,2020-10-25,65,,1117,1030,1203,null
2020,44,2020-11-01,65,,1122,1035,1208,null
2020,45,2020-11-08,65,,1131,1045,1218,null
2020,46,2020-11-15,65,,1141,1054,1228,null
2020,47,2020-11-22,65,,1151,1063,1238,null
2020,48,2020-11-29,65,,1162,1075,1250,null
2020,49,2020-12-06,65,,1174,1086,1262,null
2020,50,2020-12-13,65,,1187,1098,1276,null
2020,51,2020-12-20,65,,1199,1110,1288,null
2020,52,2020-12-27,65,,1212,1122,1301,null
2020,53,2021-01-03,65,,1224,1134,1314,null
